Preco;TipoBem;TipoVenda;Ano;Comprimento;Largura;Material
1256;4;1;2003;4;3;12
1182;2;5;2013;1;4;10
1524;1;4;2004;4;4;9
4515;4;5;2003;3;3;2
6603;2;5;2011;3;4;12
8464;4;1;2000;3;2;12
3278;2;5;2000;1;5;6
1318;1;3;2003;1;1;8
2716;1;5;2002;5;3;12
7712;2;1;2022;4;4;3
7984;1;3;2003;3;1;10
1439;4;5;2010;1;4;3
5697;3;1;2014;2;3;8
4746;1;2;2002;4;3;10
7776;4;3;2003;5;4;6
9083;2;3;2020;5;1;12
7063;1;1;2006;1;2;11
4274;4;2;2000;2;4;1
4893;3;1;2009;2;1;8
5645;1;5;2021;3;5;1
3982;3;3;2018;4;3;6
8960;4;1;2023;5;4;7
1167;3;2;2011;4;3;1
8189;3;4;2004;5;5;2
3549;2;2;2020;5;2;3
2999;3;2;2004;4;5;8
6180;4;3;2009;4;3;12
1138;1;2;2006;2;1;6
9583;4;4;2005;3;2;4
3189;2;1;2023;2;3;1
9433;4;3;2021;4;1;6
7276;3;5;2020;5;3;10
1504;3;5;2020;1;2;1
9391;4;2;2012;2;1;11
8986;2;1;2009;5;4;2
6517;3;5;2002;3;2;12
7108;2;1;2003;5;5;11
4952;4;1;2017;2;2;8
2769;1;2;2009;1;1;2
2540;1;2;2019;1;5;7
3571;2;4;2021;1;1;4
8778;2;4;2021;1;1;3
8457;2;3;2004;5;2;1
3694;3;4;2005;3;4;5
2995;2;4;2013;2;3;3
5896;2;3;2014;1;4;7
2947;3;3;2004;1;2;5
6819;1;2;2016;5;2;5
5591;1;3;2016;3;2;8
9904;4;4;2014;2;3;2
3364;4;4;2007;1;5;5
5276;2;4;2008;3;2;1
2025;1;5;2014;2;3;12
3875;4;5;2011;4;2;3
6835;1;3;2003;5;1;4
2767;2;3;2019;3;5;4
4114;3;3;2012;1;1;2
7174;3;3;2002;5;5;2
8191;1;3;2019;5;3;4
7858;1;4;2000;4;1;10
5635;2;5;2019;3;4;10
5182;1;2;2022;3;1;1
1271;3;5;2022;3;5;12
1391;1;3;2018;3;3;2
9283;4;4;2008;4;1;6
5329;3;1;2009;2;4;12
4133;2;1;2002;1;3;10
6617;1;3;2017;3;5;6
4653;4;3;2000;2;2;12
5805;3;3;2022;1;3;7
5827;3;4;2002;4;3;10
5522;1;5;2007;2;2;2
5069;4;3;2019;5;4;5
7237;1;5;2016;4;5;12
9756;4;1;2021;5;5;12
9701;2;4;2019;1;3;5
1247;1;5;2002;4;3;8
9670;1;5;2013;4;4;4
9236;3;2;2001;1;2;4
3761;1;5;2004;5;4;11
8102;2;1;2014;5;2;3
7118;4;4;2022;5;4;12
2489;2;4;2017;1;2;8
2832;1;1;2001;4;4;3
2387;2;3;2023;4;1;2
9647;2;5;2016;4;5;1
2976;2;3;2003;3;5;7
2470;1;1;2009;2;3;8
2474;4;3;2016;4;2;8
2593;2;1;2013;5;2;12
6602;2;2;2018;2;2;1
1707;3;2;2020;1;1;3
5922;2;3;2015;2;3;10
6939;1;2;2014;5;5;4
7170;2;2;2010;1;2;8
2929;4;4;2002;2;5;2
8526;4;5;2020;2;4;8
1787;1;3;2003;3;5;5
8090;1;2;2019;2;3;6
7009;1;3;2004;4;3;7
8009;2;2;2011;1;4;2
6724;3;3;2009;1;5;6
2725;3;4;2009;3;1;11
1393;4;5;2022;4;5;3
6655;2;4;2001;1;1;7
1820;3;4;2001;2;3;12
6609;2;5;2023;4;2;11
3239;1;3;2012;4;1;10
7972;4;5;2012;4;5;5
3590;3;5;2003;4;2;4
6701;3;3;2001;4;5;10
2768;3;3;2021;2;1;5
8392;1;5;2011;5;4;11
5695;3;1;2007;3;3;6
8833;2;2;2010;2;1;1
2064;4;4;2021;4;3;9
4762;3;3;2019;3;4;12
2603;1;1;2005;1;5;8
3624;1;2;2010;5;5;2
2217;3;3;2013;3;4;5
1185;3;5;2003;4;1;1
6333;1;5;2011;4;4;3
5971;4;2;2013;1;5;12
4743;3;3;2013;5;4;8
1869;1;1;2009;4;4;9
5583;1;4;2009;4;4;4
1248;3;3;2000;5;1;12
7394;3;3;2015;1;5;9
7295;4;1;2002;2;4;8
8449;3;4;2018;1;4;8
8277;2;2;2013;3;1;12
2314;3;3;2001;3;1;2
1855;3;2;2021;4;3;8
8527;2;4;2006;5;2;4
8468;4;5;2020;5;4;12
2126;3;1;2014;5;2;7
9151;2;2;2016;1;3;4
7566;1;2;2004;1;2;3
9397;3;4;2010;4;3;12
8776;4;2;2021;5;1;5
2023;4;1;2023;3;4;10
4849;1;2;2014;5;2;5
6741;3;1;2022;4;4;8
2355;3;5;2018;5;5;6
3252;2;4;2014;4;3;10
8572;2;4;2015;3;4;4
3747;3;3;2009;2;2;3
3954;2;3;2012;5;5;12
6129;2;4;2022;3;2;9
2835;4;1;2002;4;3;8
5075;1;5;2002;4;1;3
8891;4;5;2008;5;4;6
3042;1;4;2000;4;2;8
2453;2;1;2019;2;2;2
8535;3;4;2017;2;5;6
7024;1;3;2010;2;1;12
1709;2;2;2012;3;2;5
5040;3;1;2011;1;1;4
8514;1;4;2011;4;3;11
5442;4;4;2017;1;2;3
5041;1;4;2017;4;4;7
6381;2;2;2004;3;5;5
9879;2;1;2009;3;4;7
9253;2;4;2016;5;1;11
2937;2;5;2003;4;1;2
2559;3;2;2015;2;3;6
8535;2;3;2002;3;3;10
3910;3;4;2016;1;5;9
7009;1;1;2000;3;5;12
5729;3;2;2011;5;2;10
8797;1;5;2011;4;4;11
1187;2;1;2010;4;1;2
4343;4;3;2004;5;5;9
6046;4;3;2020;1;3;12
5418;3;5;2010;5;4;11
6197;3;2;2003;5;1;5
2092;2;4;2018;5;2;4
4165;2;3;2001;2;1;3
4559;4;2;2006;1;4;3
5189;1;5;2003;4;4;9
6632;4;4;2011;2;1;2
3485;1;1;2014;5;5;4
4987;1;2;2000;1;3;8
1156;3;4;2017;5;1;4
2516;1;1;2022;1;4;6
7945;4;5;2015;2;1;6
5567;1;4;2015;3;5;3
6517;3;2;2002;3;1;12
1852;3;2;2019;3;1;10
4600;2;5;2003;5;2;7
6826;4;5;2019;1;5;9
7343;3;4;2018;4;5;6
8452;2;2;2020;5;4;2
3776;2;1;2006;5;1;12
2689;1;5;2000;2;2;5
2045;3;4;2019;4;2;6
6449;4;4;2019;1;1;5
6673;3;4;2007;3;5;1
4265;3;4;2009;3;1;1
5628;4;2;2018;4;3;1
8016;1;1;2009;2;5;8
4922;4;3;2003;1;5;7
8651;2;4;2010;3;1;2
3567;2;5;2002;2;2;6
6245;4;2;2011;1;1;12
3938;4;3;2016;2;4;8
6429;1;2;2001;3;5;7
5868;4;5;2022;4;4;5
1533;2;4;2002;4;3;1
4972;1;3;2017;2;3;4
1707;1;3;2021;1;4;4
2352;2;4;2002;5;1;8
7286;1;4;2005;4;4;1
7087;4;4;2020;3;1;11
1375;3;1;2005;2;4;9
9353;3;4;2005;2;3;1
9803;2;3;2015;1;4;12
9499;3;5;2014;3;1;4
3182;3;1;2013;1;5;1
9434;4;5;2000;1;2;10
1115;4;5;2018;3;1;12
2526;2;3;2008;4;5;3
8806;1;4;2016;5;3;12
6386;3;3;2021;3;3;9
2586;2;1;2018;5;5;12
4522;1;4;2006;5;3;3
7106;3;1;2004;5;3;7
4031;3;4;2023;2;4;5
6743;1;4;2017;4;5;10
2093;3;1;2020;3;1;5
4878;1;4;2011;1;5;11
4803;4;4;2006;2;2;5
3343;1;3;2013;5;1;9
8095;1;3;2010;2;2;7
5841;2;1;2020;4;5;6
1899;3;2;2006;3;3;5
7833;2;4;2017;5;5;5
7908;3;5;2021;4;1;3
5369;2;5;2005;5;4;8
7169;3;2;2011;5;3;9
7805;4;3;2006;5;1;9
1120;3;2;2014;1;2;3
4155;2;5;2018;5;1;9
3162;4;4;2011;1;5;1
3194;1;1;2023;4;3;2
6693;1;4;2008;1;4;9
8130;3;1;2007;1;3;4
8037;1;2;2021;5;2;11
8890;4;4;2013;4;4;6
1108;4;1;2003;5;5;7
7358;3;3;2008;3;3;2
9770;2;2;2003;1;4;8
5197;3;5;2016;1;2;4
7684;4;5;2016;5;3;7
6185;1;2;2002;2;2;12
7747;3;2;2012;1;3;9
8285;1;4;2010;3;3;8
3937;4;1;2006;5;3;11
8622;2;2;2005;5;4;7
3135;1;2;2019;1;5;2
2549;3;1;2012;3;3;7
3847;2;1;2004;3;1;9
4580;1;4;2005;5;1;11
6137;4;3;2002;1;4;8
3896;2;4;2016;1;5;2
8087;4;1;2009;1;5;12
4646;3;1;2022;5;4;4
4464;2;5;2010;4;2;2
9293;3;1;2005;1;4;9
3298;1;1;2012;3;2;9
6601;1;4;2015;4;3;6
1239;3;2;2000;1;1;3
4637;3;2;2014;2;1;3
3033;4;5;2021;1;4;11
7124;3;1;2019;1;2;8
5983;4;4;2000;2;4;8
7124;1;3;2006;3;5;9
4531;4;4;2009;4;1;6
6210;4;3;2019;4;2;4
2715;4;5;2011;3;5;12
3466;1;3;2001;3;5;10
3758;3;3;2010;5;3;9
1089;2;3;2004;2;4;1
6836;4;2;2018;1;1;9
3892;2;3;2009;5;5;12
2312;1;4;2012;2;4;1
3945;3;5;2006;3;5;6
4761;2;3;2012;3;1;6
6040;2;4;2007;4;3;6
9136;3;5;2000;2;1;8
7787;2;1;2007;1;3;8
6565;4;4;2007;3;5;1
4676;1;5;2019;2;4;8
5966;3;4;2021;4;3;4
2616;4;2;2008;5;4;3
3636;3;5;2008;1;3;11
8092;1;3;2001;1;4;11
9670;3;2;2012;4;3;2
4255;3;3;2010;4;5;9
2767;4;1;2008;4;4;12
5124;3;3;2011;5;5;11
6516;1;5;2006;5;1;11
9178;4;2;2010;2;5;11
5817;3;4;2022;4;2;5
5622;3;4;2013;3;3;8
1422;1;5;2021;1;2;3
3940;3;3;2017;2;2;10
9984;2;1;2005;1;1;8
4868;1;4;2022;4;4;11
7096;4;2;2000;5;1;7
3270;4;1;2000;5;1;12
4384;4;5;2002;1;2;7
9968;2;2;2006;5;3;1
3634;1;5;2002;4;1;9
9495;1;5;2004;2;3;8
9087;1;1;2001;4;2;10
9421;1;2;2001;4;2;12
3594;1;1;2023;3;5;4
5950;2;3;2018;5;4;4
1393;3;1;2004;3;4;12
5351;4;3;2008;5;4;3
3028;2;1;2007;5;1;11
1840;2;4;2016;4;1;7
2938;3;5;2012;3;2;9
5658;1;2;2016;1;1;6
3234;2;4;2009;1;3;5
1739;1;3;2016;2;4;4
1766;2;2;2012;1;4;9
8288;3;2;2022;4;4;9
6307;1;4;2020;4;5;3
4449;3;5;2003;5;1;4
9784;3;1;2017;5;2;9
1455;3;4;2013;4;3;3
4190;2;2;2010;1;4;3
7208;4;3;2009;3;2;4
9713;1;4;2008;1;1;5
8524;2;3;2001;2;4;3
8821;1;3;2007;4;4;11
2910;2;3;2020;5;1;5
3870;3;3;2000;2;5;2
6587;2;3;2008;2;4;3
3859;3;5;2018;1;2;1
7003;2;1;2005;3;5;6
6175;2;3;2004;5;4;12
9738;1;2;2018;1;4;5
8549;4;4;2016;2;3;5
2384;1;2;2011;2;1;2
4045;2;1;2009;4;5;7
7644;4;1;2005;3;1;6
8822;3;4;2005;3;2;1
6021;2;1;2005;1;5;12
5681;3;4;2018;2;3;3
3957;1;5;2012;5;1;11
2974;1;5;2018;3;3;1
3991;3;5;2000;2;3;5
3345;4;1;2004;3;3;8
2176;4;4;2005;4;3;12
6351;4;2;2022;3;4;2
9463;1;5;2005;5;2;11
7392;2;1;2013;3;3;9
7542;1;3;2011;5;5;3
5677;4;2;2000;2;5;9
5500;4;1;2010;3;5;7
8497;1;4;2005;4;4;1
2488;2;3;2013;1;4;4
9973;1;5;2022;1;1;2
1296;3;3;2005;3;5;9
6689;2;2;2015;1;4;7
5947;2;5;2014;3;5;8
4182;2;1;2010;1;4;1
7219;4;2;2020;4;3;11
9336;4;5;2023;1;1;12
8968;1;1;2023;5;2;10
7037;2;1;2020;5;1;9
6643;1;4;2019;4;1;10
7698;2;3;2001;5;2;10
1475;2;3;2011;2;4;6
1155;3;5;2011;2;2;7
4357;3;1;2010;2;3;8
9200;4;5;2018;3;5;1
9011;3;4;2002;5;2;5
2118;4;2;2017;4;3;3
5516;2;5;2015;3;3;8
8344;4;1;2019;4;1;9
9575;3;3;2019;1;5;4
2615;4;2;2012;5;5;11
4015;3;1;2007;5;1;3
7537;3;2;2011;3;1;7
8190;4;5;2006;5;2;6
6147;3;1;2001;1;5;11
3238;2;1;2000;5;1;8
9957;3;3;2006;4;5;4
1453;3;5;2008;1;2;2
5945;1;4;2010;3;1;8
1400;4;3;2002;5;2;5
8509;1;2;2004;3;5;2
9239;4;3;2021;5;4;9
4621;4;3;2002;1;5;7
4564;4;5;2021;4;5;3
5255;2;1;2018;2;1;8
2276;4;1;2020;2;4;6
1411;1;1;2004;2;2;10
7362;4;5;2005;5;2;9
6210;3;4;2007;4;4;11
8584;3;5;2014;1;5;3
9225;2;3;2023;2;3;3
9189;2;5;2020;1;3;11
1831;1;3;2008;3;2;9
7609;3;3;2012;1;2;10
1519;1;5;2003;4;5;7
2390;3;1;2022;5;1;10
5577;4;2;2017;1;5;11
5060;1;3;2004;4;4;12
1655;3;3;2012;3;5;5
2769;4;3;2004;4;2;3
4853;4;2;2011;5;2;5
6163;1;5;2021;1;5;9
3086;4;5;2001;5;1;5
6344;4;5;2022;4;2;3
6316;3;4;2012;1;2;1
9115;4;4;2003;4;3;3
6871;3;3;2018;3;4;3
1051;3;5;2021;2;2;1
3472;1;5;2003;2;3;10
5194;1;4;2003;4;4;9
8173;1;1;2005;5;2;8
4511;3;1;2001;1;2;9
3866;2;1;2020;2;3;7
8075;2;3;2010;5;2;11
7926;4;2;2014;4;1;6
8622;1;5;2018;2;2;9
2900;3;5;2013;5;4;6
7168;4;1;2022;4;5;8
4983;4;1;2023;1;3;5
8933;1;4;2004;4;5;10
5711;2;4;2023;4;2;12
4347;2;1;2008;3;4;11
7064;4;2;2019;5;1;10
3260;2;4;2011;3;5;5
8760;1;1;2004;1;2;8
6477;2;4;2002;4;5;6
2000;2;5;2016;3;5;8
7800;3;3;2021;2;1;7
8566;3;3;2003;5;3;1
2271;3;3;2023;3;3;5
6746;3;1;2012;2;1;11
2695;3;3;2007;1;1;9
9020;4;2;2017;2;3;3
4381;2;5;2009;3;5;3
2984;2;4;2007;1;4;10
6185;1;1;2015;2;3;11
4008;3;5;2013;2;4;4
7930;1;4;2015;3;2;2
4083;2;2;2015;1;2;10
8632;1;1;2023;3;3;7
6382;4;4;2011;3;4;10
9254;1;4;2000;3;4;12
8073;1;3;2000;2;1;11
5256;1;5;2011;2;1;7
6049;3;2;2017;5;2;7
1627;2;1;2016;2;3;2
6045;3;1;2007;4;2;1
6274;2;5;2000;5;3;8
4657;3;3;2020;5;3;8
7087;2;1;2004;4;1;10
7718;4;1;2008;5;5;1
9224;3;3;2019;1;1;6
7456;4;2;2005;2;2;3
9233;4;3;2006;4;4;6
1574;4;4;2012;5;4;3
8255;3;3;2021;3;2;2
5925;1;2;2007;4;1;11
4249;4;5;2007;5;3;9
3893;4;1;2016;4;1;3
9676;1;1;2006;4;1;11
1910;4;4;2000;1;2;12
9037;3;1;2015;4;4;1
3725;3;3;2020;5;3;11
4153;1;3;2015;4;3;7
1714;1;4;2009;2;3;2
7779;2;2;2002;3;2;11
9494;3;4;2000;1;1;9
8065;1;2;2013;1;2;1
5463;4;4;2006;5;1;9
3126;1;5;2007;1;1;10
1225;2;3;2023;1;1;8
6513;4;2;2020;1;3;2
2750;3;2;2006;4;2;6
3229;3;3;2020;2;3;2
8863;1;2;2020;3;2;12
3447;2;3;2022;5;2;8
3681;4;2;2012;2;5;7
7002;2;1;2001;3;4;3
8169;4;4;2003;4;3;4
2530;3;4;2021;3;2;3
5197;1;2;2006;4;3;2
4243;2;3;2021;1;4;3
1144;1;4;2015;3;4;8
9104;1;3;2008;5;5;8
2434;1;2;2005;1;2;2
1681;3;3;2015;3;2;3
5225;4;2;2011;2;5;4
5735;3;1;2010;3;4;1
2397;2;3;2023;4;2;4
1429;2;4;2019;5;4;8
1899;2;2;2008;4;3;12
7367;4;1;2009;3;3;12
5763;2;3;2018;5;4;9
2197;1;5;2003;2;3;4
8381;2;4;2017;3;4;11
7210;2;2;2014;1;1;9
9584;4;4;2019;1;3;6
8496;2;3;2000;5;2;12
4025;3;3;2014;2;1;7
6343;1;2;2014;3;5;10
1121;4;3;2014;3;3;2
1383;1;3;2007;4;2;9
3064;3;4;2019;1;2;5
9282;4;5;2022;5;2;1
2514;2;3;2006;4;2;4
4749;2;1;2017;1;1;7
8002;2;4;2004;4;3;8
4689;1;4;2011;2;4;8
2986;4;2;2021;3;3;2
2996;2;3;2006;1;3;6
9069;4;3;2017;4;5;2
6065;3;2;2002;4;2;2
6588;4;1;2020;2;5;12
2012;3;2;2002;1;5;8
6744;2;2;2011;1;1;4
4992;1;4;2012;2;4;10
6031;4;5;2006;1;2;6
9163;2;2;2000;2;1;8
3094;2;4;2010;1;4;8
7292;4;4;2011;4;4;8
5103;2;4;2018;4;1;2
5690;3;3;2020;1;2;11
8004;3;4;2010;3;5;11
4633;1;3;2013;1;5;1
6205;3;4;2008;1;2;1
3712;3;1;2013;3;3;9
6278;1;3;2021;4;4;11
1219;4;2;2002;1;1;12
8143;2;4;2001;1;5;5
4152;2;2;2013;1;2;11
1896;4;2;2016;5;1;9
5580;3;2;2007;1;4;10
7106;2;1;2015;2;5;3
9259;1;4;2002;5;3;1
4451;1;2;2016;1;1;7
6532;3;2;2010;5;5;9
4184;1;3;2012;5;5;7
4348;1;4;2022;5;4;5
8853;1;2;2022;1;1;8
5643;3;2;2003;4;3;2
4757;3;5;2005;2;3;9
5240;1;4;2022;4;3;12
7731;1;3;2023;2;4;12
4265;4;2;2010;2;3;7
5374;4;3;2009;5;5;12
6165;4;2;2018;1;3;4
8639;3;1;2008;5;4;10
4165;3;5;2021;2;5;4
9140;1;3;2004;4;3;7
5745;2;5;2010;4;5;6
3879;4;4;2013;1;5;11
4022;4;2;2013;4;1;7
1055;3;4;2023;5;3;5
1261;2;3;2008;3;1;6
1750;2;2;2008;1;5;10
4386;2;3;2010;1;4;4
5209;2;4;2002;1;3;8
2712;1;4;2021;1;3;9
1246;4;1;2002;2;4;11
1674;3;1;2013;3;1;1
2868;2;5;2016;4;2;1
6877;2;4;2014;5;2;2
9362;4;2;2013;2;5;5
4106;4;2;2002;1;3;6
3696;4;2;2010;1;5;6
3317;3;2;2020;1;1;11
1585;2;1;2019;1;3;7
6767;4;4;2014;1;1;7
5556;1;3;2012;2;1;5
2156;1;2;2018;1;2;7
8055;4;4;2008;1;5;7
1771;3;3;2010;3;5;7
8385;4;2;2013;3;5;12
2406;4;4;2003;3;3;2
6259;2;4;2009;3;3;12
1038;4;4;2012;4;5;7
7852;1;5;2004;1;2;12
7288;3;3;2013;3;3;4
7146;4;1;2012;2;1;4
5888;4;2;2017;3;4;4
9333;2;3;2000;5;5;11
2858;4;3;2008;5;4;9
8611;4;5;2015;5;2;8
6921;3;4;2009;2;2;4
3053;2;3;2014;3;3;2
3186;4;2;2016;1;3;4
4273;4;5;2003;5;2;10
6980;3;2;2000;4;4;10
3210;2;1;2011;5;4;1
8188;3;2;2002;5;4;12
7163;4;1;2010;2;4;8
6520;2;5;2013;5;5;4
2390;1;2;2018;3;3;1
8066;2;3;2000;5;1;2
5233;4;2;2012;2;1;5
6761;1;3;2012;5;4;11
3735;3;2;2016;3;3;8
8548;3;4;2018;3;2;4
1758;2;2;2013;3;1;1
8218;4;2;2014;5;5;10
7228;3;1;2019;2;4;3
2487;3;1;2014;4;5;8
2997;3;3;2006;5;4;10
8067;3;5;2012;2;4;4
5433;1;3;2020;2;5;10
2482;1;4;2018;5;4;7
2249;4;5;2018;1;1;1
9995;3;2;2011;3;5;11
5130;3;2;2016;4;3;6
6031;2;3;2019;2;5;3
9503;2;3;2017;5;1;8
6920;4;5;2020;3;3;7
1793;3;3;2013;1;4;7
9564;4;1;2009;1;4;9
6398;3;3;2013;1;5;2
6236;3;3;2001;1;4;2
4815;1;3;2000;5;3;12
8615;1;2;2004;1;3;12
9627;4;3;2018;4;3;2
4836;4;2;2004;1;1;2
4596;2;1;2019;2;5;11
1165;3;5;2010;5;3;2
7751;3;5;2015;2;3;10
4919;1;1;2019;5;4;7
4819;1;5;2001;2;1;9
6458;1;5;2005;1;4;10
6601;3;1;2020;1;3;1
7309;4;1;2004;1;2;10
1315;2;5;2006;5;3;4
2500;3;2;2022;1;1;3
3503;2;2;2017;1;2;8
6418;2;4;2018;3;2;3
7015;3;3;2003;3;4;4
3637;4;4;2023;2;5;8
9022;2;5;2015;3;1;7
8669;4;1;2021;2;1;10
2993;1;4;2001;3;3;1
4930;1;5;2000;3;3;6
8811;2;3;2010;3;4;3
8599;3;2;2006;4;2;2
5043;3;3;2019;3;2;2
5789;2;3;2009;4;4;4
7224;1;1;2009;2;4;8
7242;4;1;2022;3;1;9
6819;4;4;2005;1;1;8
7344;1;1;2009;1;5;11
6073;4;2;2018;1;4;9
4069;2;2;2003;2;4;12
9249;1;1;2004;1;5;2
9013;3;4;2010;2;3;10
7666;2;3;2008;4;5;4
9752;1;3;2022;2;5;11
4604;2;4;2020;4;2;4
6614;2;2;2012;1;4;6
7270;1;4;2004;5;2;6
8917;4;2;2011;5;1;9
2837;2;4;2022;5;5;3
6489;2;4;2006;4;1;1
1264;2;4;2018;2;4;11
4331;4;1;2001;2;3;10
4508;2;2;2010;4;2;8
7514;3;1;2009;2;2;1
3435;4;4;2019;4;1;10
7352;1;1;2017;5;2;2
8082;1;5;2007;1;2;7
3889;3;1;2019;2;4;8
7537;3;5;2018;5;4;10
8839;4;3;2004;5;1;5
1909;3;4;2009;3;5;9
2542;4;1;2009;4;4;8
7727;2;5;2023;2;3;4
2422;3;1;2013;5;3;7
5098;2;1;2021;4;5;10
8678;3;1;2001;1;2;8
6933;3;4;2001;2;1;9
3296;2;5;2005;1;3;7
4069;2;1;2011;2;2;6
6431;1;2;2015;4;4;11
5191;3;3;2008;4;3;9
4218;4;4;2012;2;3;1
1927;1;5;2012;4;1;12
5019;2;3;2017;4;2;8
6929;2;4;2006;4;5;8
2598;2;4;2018;5;2;11
3820;1;4;2009;3;2;6
8042;1;4;2004;5;1;8
3304;2;5;2017;3;5;8
7523;2;4;2005;3;1;5
7213;4;2;2020;1;4;4
4264;2;3;2017;1;1;3
3226;4;2;2008;3;4;2
1860;4;2;2015;5;3;11
1337;3;4;2013;5;3;8
1321;3;4;2004;4;3;4
4637;2;2;2004;2;2;4
7038;4;5;2023;2;2;2
5948;2;2;2003;1;3;3
5174;2;1;2020;3;5;3
7866;1;4;2005;1;2;11
3924;3;3;2019;2;5;9
2864;1;2;2007;5;2;11
7670;3;4;2003;3;3;12
7097;1;5;2017;5;4;2
7126;2;2;2021;4;2;10
5228;1;1;2000;4;2;2
4457;3;1;2013;2;1;7
3988;1;4;2017;1;3;2
9244;4;3;2001;3;4;2
8953;4;4;2009;3;3;3
5472;3;3;2021;5;2;11
7662;2;3;2021;1;4;1
4970;1;2;2004;5;1;3
8601;1;3;2000;5;2;2
3999;2;5;2016;1;4;10
4285;1;4;2005;1;2;3
5920;3;3;2004;2;1;4
7936;1;1;2007;3;2;1
3535;4;4;2016;2;2;10
6270;1;2;2014;2;4;6
1148;1;3;2010;5;4;2
9987;3;4;2000;2;1;12
3478;1;4;2005;4;1;7
7044;3;1;2015;2;1;8
8304;3;2;2022;5;4;8
2194;2;5;2004;1;2;10
5842;3;2;2009;5;1;1
3510;1;4;2018;3;1;10
9533;2;3;2012;1;2;12
7113;1;3;2005;2;5;11
9775;1;2;2017;1;3;1
3335;2;5;2000;4;5;1
9970;2;5;2020;4;4;1
7639;4;5;2022;5;4;3
3521;2;2;2019;4;1;1
8736;3;2;2001;1;5;12
4983;3;4;2007;2;3;12
9646;4;3;2023;3;5;6
2765;2;2;2003;3;4;3
9970;3;1;2016;1;4;9
5635;2;5;2002;4;1;8
9502;2;1;2013;5;2;12
1743;3;3;2006;3;5;10
6433;2;5;2001;1;5;6
3780;3;1;2019;5;3;2
8541;3;4;2008;1;5;8
6454;3;2;2006;5;1;4
8715;1;3;2005;3;4;3
7367;1;1;2003;5;5;5
2650;2;2;2007;1;1;4
8821;2;5;2007;3;5;6
6121;3;5;2001;3;1;1
1939;2;2;2023;2;2;9
7216;1;2;2009;2;4;6
7169;4;4;2020;1;3;4
4501;2;1;2004;5;4;1
4558;3;4;2009;4;2;12
3852;3;1;2005;1;3;10
2596;4;4;2020;5;5;12
1958;4;1;2017;4;1;6
3435;4;5;2020;3;5;7
2041;3;4;2015;4;3;8
3503;4;2;2006;2;2;12
2213;1;2;2001;3;4;12
7527;1;5;2022;1;5;2
9226;3;5;2004;5;5;6
9895;1;5;2009;5;4;3
1493;1;1;2007;2;2;6
6656;2;2;2006;4;5;12
5814;4;4;2002;1;5;10
6862;2;1;2018;3;4;3
1300;3;3;2006;5;3;8
1495;2;1;2002;3;1;10
7627;4;4;2009;1;2;6
9941;2;3;2005;2;2;10
1076;4;1;2017;2;5;10
1047;2;4;2006;5;1;3
1034;2;2;2016;2;1;2
1343;4;5;2011;1;4;1
2424;1;5;2007;4;3;12
3735;2;4;2013;3;2;5
3959;3;1;2008;4;4;11
2315;1;1;2022;2;3;9
6242;2;1;2019;5;1;6
5103;2;2;2005;3;5;6
2193;3;2;2017;5;2;11
7111;4;2;2011;3;3;11
8923;3;1;2004;3;2;2
4043;4;2;2018;4;1;9
8299;3;3;2012;4;4;8
7123;3;2;2014;5;4;12
4154;1;3;2016;1;5;8
4261;2;1;2000;3;5;7
3443;3;4;2017;1;3;6
2362;2;2;2019;3;5;1
2627;1;4;2023;1;1;1
8167;3;2;2022;1;3;11
4415;2;4;2001;2;2;6
4090;3;1;2017;1;3;4
1641;2;1;2015;4;5;9
2271;3;5;2016;2;2;11
1568;2;2;2005;2;3;3
1873;1;4;2015;1;4;6
5764;3;3;2014;3;3;2
4512;4;4;2004;3;1;2
3521;1;1;2008;3;5;10
5481;2;5;2005;4;3;12
2964;2;5;2020;3;1;6
4899;2;3;2007;2;1;11
7097;4;5;2019;4;1;1
1676;3;5;2016;3;4;8
4855;1;5;2005;2;3;12
3260;1;1;2002;5;1;1
6996;4;5;2003;1;5;12
6870;1;5;2000;4;3;9
1034;1;5;2007;3;3;3
4377;4;3;2006;4;3;4
4975;1;5;2018;1;5;2
6070;4;4;2003;5;3;8
4123;1;4;2012;3;4;8
4517;4;5;2021;1;1;10
4747;1;5;2018;3;1;6
5223;4;5;2023;3;4;9
6549;1;1;2004;5;3;9
6374;1;3;2022;4;3;11
9407;1;3;2013;3;4;11
1442;1;2;2013;5;4;12
8306;3;2;2018;2;1;3
4613;2;2;2003;4;1;3
8714;1;5;2011;3;4;2
8899;4;3;2016;3;3;7
1665;2;2;2002;3;3;5
6852;3;2;2003;3;1;11
9030;1;2;2008;3;2;5
3246;3;5;2018;2;1;5
1647;1;5;2005;3;3;5
8865;1;1;2001;4;2;3
1015;4;3;2018;3;4;2
8533;1;5;2022;5;4;4
2138;2;3;2018;5;3;4
5036;3;5;2008;1;4;12
5502;2;5;2010;2;1;3
9382;1;5;2022;5;3;1
8364;1;3;2001;4;2;3
3825;3;4;2020;1;3;11
9546;4;3;2000;4;2;4
4830;1;2;2000;2;2;2
4792;4;5;2002;2;3;10
7333;3;2;2017;4;1;8
5314;3;3;2008;1;1;10
5082;4;1;2001;1;3;8
9370;4;2;2009;4;2;3
4606;2;5;2017;4;5;6
1752;3;1;2019;2;2;7
1915;2;2;2002;1;2;1
3437;1;2;2018;5;2;9
3274;1;2;2009;3;1;4
6478;2;3;2013;2;1;8
2898;2;3;2010;4;2;12
7889;2;5;2022;5;4;2
1583;4;1;2022;1;4;10
2141;1;3;2019;4;2;8
4834;3;5;2023;4;4;11
1321;4;5;2016;4;3;9
4960;4;5;2000;2;1;1
4946;2;2;2016;3;4;1
2382;4;2;2005;3;3;8
4094;1;1;2008;5;5;8
3562;2;5;2012;5;2;8
3260;1;2;2001;1;1;5
1548;1;3;2009;4;5;1
1363;4;3;2020;3;3;4
8841;3;3;2017;5;5;10
6984;2;3;2017;2;1;3
5741;3;3;2023;3;3;7
5716;2;3;2020;2;2;8
3106;2;1;2010;3;1;10
5528;3;3;2007;5;1;10
1884;2;4;2020;2;3;3
8386;1;4;2016;2;3;3
4315;4;3;2022;5;5;12
4020;3;1;2007;2;5;10
9028;1;5;2010;3;5;1
1156;4;2;2016;1;1;12
8399;4;4;2014;5;1;6
4171;2;1;2021;4;3;5
3757;2;1;2009;1;2;1
5435;3;2;2011;1;5;3
9929;2;4;2018;2;4;12
2271;1;1;2000;4;4;2
8849;3;2;2004;3;4;12
7015;3;3;2014;1;5;6
2576;3;1;2000;2;3;5
8982;3;2;2022;5;4;4
8001;3;1;2010;1;3;8
3691;4;2;2018;4;5;1
6703;2;3;2013;5;3;5
6301;1;2;2012;3;4;3
1461;4;4;2012;2;2;11
9118;3;1;2017;2;2;8
3732;2;1;2005;4;5;9
1770;1;5;2014;4;4;2
7923;4;4;2006;2;4;2
4826;1;5;2007;4;5;4
3957;1;4;2011;3;4;1
2069;4;5;2001;2;5;11
2949;1;5;2011;1;3;1
5050;3;1;2006;2;4;8
4606;4;2;2020;1;5;1
7072;4;5;2003;3;5;9
5095;3;4;2011;2;5;12
6864;4;4;2018;2;2;1
7138;2;2;2001;3;1;12
1376;2;4;2013;2;3;12
5498;1;3;2007;5;3;9
1203;2;1;2010;2;1;5
9390;3;4;2008;1;2;3
5217;1;1;2001;2;2;8
4799;3;5;2019;4;5;7
9489;2;5;2007;3;4;1
7307;3;3;2004;3;4;5
4995;2;1;2013;4;5;9
2014;2;5;2012;3;1;12
9115;2;5;2003;3;4;7
6140;1;4;2011;5;3;7
9085;4;2;2021;5;4;8
9768;4;2;2005;3;1;11
3461;1;1;2017;3;4;7
1994;1;1;2004;4;2;9
8596;2;5;2011;3;3;12
9681;4;5;2010;5;5;1
5302;2;4;2002;5;1;1
4925;3;1;2007;2;5;4
4001;1;3;2011;2;1;9
2235;4;2;2000;4;2;9
5570;1;3;2004;5;2;6
2916;3;5;2008;4;5;2
7468;4;4;2000;5;5;5
7871;3;2;2004;5;2;9
6772;3;5;2014;4;3;6
2391;4;4;2021;2;1;4
1863;4;4;2017;1;3;3
5560;1;3;2022;4;4;9
2510;4;4;2016;4;2;12
3234;3;1;2018;4;5;12
4054;1;1;2011;4;3;6
7619;4;2;2012;2;1;6
6749;2;1;2004;1;4;1
3372;2;1;2004;5;1;7
9868;1;3;2006;1;3;9
7482;3;3;2021;3;4;3
8429;4;2;2009;1;3;6
1790;3;4;2011;3;2;2
2407;1;3;2018;5;2;11
6380;1;1;2004;3;1;11
3399;2;5;2017;5;5;11
2898;2;4;2023;4;2;10
8928;3;2;2021;2;4;3
8698;4;5;2006;4;1;2
1090;2;3;2013;1;2;7
6094;3;4;2022;3;4;8
3917;1;2;2017;4;3;4
3714;2;2;2021;2;2;8
6336;1;4;2014;4;1;7
5147;1;2;2019;5;1;11
4719;3;2;2002;2;2;8
4474;2;4;2017;2;1;12
2024;4;5;2011;4;2;1
5479;3;3;2006;3;4;11
4976;3;4;2021;5;3;8
9746;3;1;2006;3;4;7
3951;3;3;2006;1;4;10
8681;2;5;2016;2;4;7
5653;4;2;2017;3;5;3
2001;4;4;2022;1;4;6
2897;4;5;2014;4;3;5
9832;4;1;2008;5;5;12
9909;3;3;2022;4;4;11
5802;2;2;2021;3;5;4
1662;4;5;2017;1;1;6
3941;2;1;2021;4;3;3
8904;1;2;2007;1;2;6
2830;3;3;2018;5;2;11
8350;1;3;2001;5;4;6
7592;3;5;2001;5;1;2
9772;4;4;2018;2;3;9
8082;1;4;2021;5;4;3
2885;4;3;2021;3;1;9
7336;4;3;2012;3;3;10
8707;3;4;2002;5;4;8
9027;3;5;2021;2;4;4
1281;2;2;2010;5;2;6
5693;2;4;2020;1;2;5
3015;1;5;2008;3;3;3
1489;1;5;2017;5;1;11
8814;2;3;2008;1;1;9
5007;4;3;2015;3;3;5
3446;4;3;2017;3;4;3
6899;4;2;2016;4;3;5
5762;3;3;2017;2;1;12
9771;2;2;2015;2;3;2
6224;1;4;2004;5;2;2
1564;3;4;2000;4;4;12
4259;1;2;2003;3;1;10
3982;2;5;2016;4;5;6
4473;1;2;2002;3;1;12
7327;3;3;2018;1;5;3
4993;1;1;2009;4;1;10
8589;4;1;2004;5;3;4
1262;3;2;2013;2;5;2
7476;3;3;2000;3;1;11
4345;3;5;2019;5;2;5
8642;2;4;2011;1;1;5
6800;3;2;2006;3;5;3
2769;2;4;2015;5;1;3
9817;2;2;2013;2;4;4
7552;1;2;2003;4;2;2
5002;1;5;2006;4;4;10
1817;2;1;2022;5;1;9
5356;1;5;2023;4;5;2
3840;2;3;2005;4;5;3
7596;3;3;2003;2;4;8
8505;3;2;2010;5;2;8
2996;1;3;2003;3;2;10
7369;3;1;2010;3;2;9
6613;4;4;2003;2;3;3
8043;1;3;2000;1;5;9
6869;2;4;2023;3;2;10
3173;4;1;2013;1;1;5
4160;2;2;2020;3;5;8
2668;1;1;2014;4;3;9
7695;4;3;2022;5;1;7
4240;1;3;2004;2;2;5
1806;4;3;2013;2;3;11
9968;3;3;2018;2;1;3
4630;2;1;2022;3;4;5
5236;3;2;2013;5;4;2
1211;2;1;2005;3;3;3
6062;1;2;2016;3;5;9
2783;4;3;2001;4;2;6
3285;2;3;2020;5;4;10
2310;2;1;2014;4;1;12
7623;4;3;2001;4;3;3
3551;3;3;2004;1;1;3
1860;3;3;2004;5;3;9
5304;3;4;2009;2;2;11
3761;4;3;2013;5;4;9
1198;2;4;2012;5;1;11
2962;3;1;2011;2;4;2
9004;2;1;2014;5;5;12
1100;1;5;2021;4;5;2
9849;4;1;2002;3;3;5
4257;4;4;2020;4;2;2
4583;4;2;2010;1;1;2
2971;2;2;2023;3;2;2
9094;1;1;2022;4;2;1
4031;4;4;2023;2;5;2
5987;3;1;2009;2;4;11
8565;3;2;2016;4;3;6
2797;3;3;2013;2;3;7
7396;2;3;2022;5;2;11
4751;3;4;2022;1;2;3
4163;3;2;2019;3;1;6
7012;3;2;2023;5;2;11
4206;1;3;2013;5;3;4
7868;2;5;2003;5;3;2
1175;3;3;2004;2;5;12
7093;2;1;2012;3;4;10
1981;1;5;2007;4;5;12
5388;3;5;2011;5;5;11
8035;3;3;2014;4;5;12
9352;2;2;2018;3;1;12
2517;3;5;2017;5;4;7
7111;3;3;2023;3;5;12
8111;2;5;2018;5;1;5
3557;2;3;2020;5;3;11
4183;3;4;2018;2;1;9
3467;2;1;2020;3;1;12
2240;4;2;2022;1;3;3
9972;4;5;2011;1;2;8
3524;1;4;2010;4;5;10
7395;1;1;2003;4;5;3
8953;2;3;2001;5;3;11
7866;3;1;2001;5;1;2
7614;1;4;2022;3;3;1
9766;2;3;2010;3;5;1
7961;1;5;2021;3;3;5
6726;1;4;2009;1;5;7
1565;3;3;2021;4;4;4
9995;1;3;2008;3;5;10
9410;1;5;2021;3;5;5
6995;2;5;2019;5;1;8
8868;3;4;2022;2;2;10
4016;4;1;2015;5;4;5
7679;1;4;2003;1;4;6
5352;1;1;2004;5;5;9
7796;4;1;2015;2;4;9
7202;4;1;2023;3;3;11
5695;4;2;2007;2;1;7
8996;1;5;2019;1;1;5
8795;1;3;2019;4;1;10
8727;3;1;2002;4;3;10
7443;4;1;2011;5;5;6
6383;2;2;2023;4;4;1
2658;4;1;2010;4;4;7
6881;4;5;2019;5;1;10
2717;2;2;2023;2;4;4
2387;4;4;2017;4;4;2
6538;1;1;2009;3;5;11
8056;3;2;2003;3;1;9
8411;4;2;2000;3;1;9
9446;2;1;2001;3;4;11
2777;3;3;2006;2;5;2
2161;1;3;2009;3;4;11
6012;4;3;2004;4;4;10
4352;1;4;2020;4;5;12
6000;1;2;2014;5;2;10
3689;4;5;2013;5;4;8
1305;4;5;2016;5;1;2
1969;1;5;2008;2;1;8
4080;1;3;2016;3;5;10
6532;2;3;2000;3;1;2
6815;3;1;2005;3;3;6
6289;2;2;2018;1;5;11
6803;4;5;2022;1;3;7
1142;2;1;2013;2;2;8
9126;4;1;2007;1;3;10
5666;2;2;2002;4;3;12
4099;1;3;2008;1;4;2
2508;2;2;2004;4;2;1
6589;2;5;2008;3;5;8
4123;1;5;2001;2;4;6
5487;2;3;2023;5;2;3
1910;4;4;2002;2;2;12
7048;1;5;2019;4;2;12
6893;2;5;2001;5;2;9
7978;4;3;2019;1;3;2
6485;1;2;2023;3;3;9
3642;4;4;2012;3;5;1
1729;4;5;2002;2;3;9
6861;3;5;2006;1;3;9
9811;4;5;2018;1;4;2
8821;4;4;2010;1;2;12
9841;1;5;2002;5;4;1
8352;4;4;2021;1;4;8
7205;1;1;2001;4;3;7
1701;3;4;2010;3;5;3
5123;3;5;2001;1;3;8
6426;3;1;2019;2;1;2
7588;2;2;2010;3;5;2
2730;1;5;2012;1;1;5
2384;2;2;2001;1;1;7
1347;2;1;2011;5;4;8
3628;4;2;2018;2;5;10
6072;3;2;2003;1;4;11
7846;3;5;2021;3;4;1
6064;4;5;2002;2;1;2
2589;4;3;2001;1;1;8
8528;1;3;2021;5;3;6
8251;4;1;2006;3;1;10
8806;4;5;2002;5;1;10
3197;3;4;2000;4;1;4
8636;3;2;2010;5;5;5
1303;1;3;2017;5;5;5
2753;3;2;2000;4;1;11
3352;2;4;2011;4;5;10
4070;2;4;2020;5;4;4
4486;4;3;2001;3;1;7
1459;3;5;2000;5;5;6
6804;1;1;2013;3;1;4
1605;2;4;2010;4;1;4
2339;2;2;2022;3;4;7
3909;4;5;2009;1;5;9
9503;3;1;2000;5;4;11
2984;3;2;2008;3;3;8
7797;2;2;2001;5;2;7
3462;2;2;2010;4;3;5
7223;3;4;2012;5;1;2
9515;2;4;2017;1;5;5
5201;4;5;2020;1;4;10
5495;1;4;2019;2;1;6
9653;4;4;2015;5;1;12
5271;4;4;2012;5;5;3
3638;4;2;2001;4;5;12
5386;2;4;2006;1;3;12
7496;2;5;2017;2;1;7
7031;3;4;2022;4;5;2
5940;2;1;2000;3;2;12
2146;3;3;2016;1;5;5
5774;3;1;2023;1;5;3
2086;3;2;2009;4;3;11
7736;4;3;2017;2;1;6
5107;1;4;2014;4;4;11
8358;2;3;2007;2;3;7
8757;1;5;2012;4;4;6
6616;1;1;2001;5;5;10
2522;2;1;2017;4;5;11
7423;3;3;2006;1;5;6
6861;2;2;2010;4;2;1
7073;4;2;2021;3;2;12
3154;2;5;2001;3;2;4
2598;3;2;2013;1;2;2
3164;3;5;2014;4;3;11
9369;1;3;2015;5;4;5
2263;3;5;2000;1;4;2
6859;4;4;2005;5;4;9
9376;4;1;2006;5;5;12
5984;1;4;2002;2;4;2
1073;3;4;2021;3;4;11
9859;3;3;2004;4;4;9
5603;4;4;2002;5;1;7
4530;1;5;2023;4;3;1
9023;2;5;2017;4;4;7
9483;3;5;2021;5;5;9
6435;3;1;2008;5;1;8
3029;3;5;2007;4;2;11
7959;2;2;2004;3;1;12
2873;2;1;2014;3;1;6
1928;3;3;2005;4;5;8
1847;2;4;2022;3;2;5
4769;2;4;2023;3;3;6
1550;1;2;2007;3;4;9
8129;4;1;2008;3;2;8
4900;2;2;2009;2;2;11
4371;1;3;2003;5;5;5
8311;1;3;2013;1;4;8
5884;1;5;2002;3;3;4
3600;2;5;2010;1;5;6
8457;1;2;2008;3;1;6
6798;4;4;2016;4;3;5
9372;1;2;2021;2;3;5
5392;1;5;2022;5;4;4
2580;4;4;2010;5;5;5
3784;2;4;2011;1;5;1
4812;4;4;2019;2;5;11
5514;1;3;2021;2;1;7
4213;3;5;2000;2;4;7
8272;2;2;2022;4;5;7
9082;3;5;2013;3;5;1
8632;1;2;2023;5;2;5
3258;1;1;2011;1;4;3
6224;2;5;2018;5;4;8
8351;4;5;2010;2;3;4
7047;1;3;2013;4;1;5
8282;3;4;2021;2;2;10
1710;2;1;2014;4;3;6
4135;2;1;2018;2;5;9
6408;3;3;2020;3;4;1
1287;4;2;2022;1;1;4
4456;4;3;2014;3;3;7
1821;2;3;2001;2;1;6
6975;2;4;2019;4;2;3
1130;3;3;2020;1;4;6
2035;1;5;2011;2;2;6
6499;1;3;2017;2;3;9
5515;4;2;2005;2;5;1
1781;4;1;2023;4;3;12
3761;3;4;2011;4;5;2
4001;3;5;2006;1;1;8
5782;1;4;2023;4;1;5
9766;1;1;2016;5;2;5
2959;2;1;2018;5;5;2
1926;1;4;2021;5;5;10
8718;1;2;2018;3;3;10
4041;4;5;2004;5;5;8
5407;2;4;2010;3;4;5
1085;1;3;2018;1;2;2
2689;1;4;2017;5;4;7
2835;4;3;2014;2;5;2
7174;2;1;2023;5;3;8
3113;3;5;2005;3;3;1
2787;1;4;2007;1;4;6
8612;2;5;2000;3;3;4
8902;3;1;2010;2;5;4
2002;2;3;2006;2;5;12
2803;2;3;2011;2;5;1
1109;2;3;2009;3;1;1
9703;2;1;2022;3;3;8
7859;2;5;2016;3;3;11
4733;3;1;2009;2;3;7
7838;3;4;2018;5;3;11
2658;1;3;2014;4;4;4
6900;4;1;2016;4;3;2
6218;4;5;2019;2;4;9
3012;3;5;2014;4;2;2
4675;3;1;2017;5;4;4
1375;4;4;2012;3;4;1
4893;1;4;2005;1;5;2
6933;3;1;2023;4;3;7
4755;4;4;2007;3;4;7
7697;4;5;2008;1;1;7
3257;2;2;2001;2;3;6
5274;2;1;2013;2;4;11
9187;1;1;2004;2;4;5
2308;1;5;2006;5;3;4
8927;4;5;2014;4;5;10
2711;4;3;2001;2;1;9
7439;2;3;2015;3;4;9
9020;2;3;2020;4;3;1
2727;3;4;2003;1;4;1
1027;3;1;2007;1;4;6
6887;1;5;2021;2;3;4
8049;1;5;2019;5;4;9
4077;2;4;2014;5;2;5
9447;1;5;2004;4;4;5
2331;1;4;2019;2;4;1
9017;1;1;2022;4;1;5
3584;2;5;2001;4;2;12
8615;4;4;2016;2;3;2
7345;3;2;2009;5;3;7
8348;1;3;2001;5;3;6
1367;4;2;2023;3;4;9
1417;3;3;2020;1;4;6
2958;1;1;2005;5;5;2
4246;2;5;2009;1;4;4
5803;1;1;2009;3;1;12
4265;3;1;2006;1;1;6
8257;4;2;2001;1;3;10
5569;4;5;2005;4;1;5
2185;1;4;2023;2;5;5
1601;4;1;2016;2;2;5
9461;2;3;2006;2;1;12
5115;2;4;2014;2;3;8
1917;4;2;2014;5;1;5
5669;3;3;2000;2;2;7
1368;2;1;2023;1;1;5
4217;2;1;2023;4;5;1
5023;2;4;2018;5;1;4
8522;2;2;2022;3;4;7
1653;2;2;2008;3;4;7
1181;3;1;2023;3;2;9
9595;3;5;2013;4;1;12
3960;1;2;2005;3;4;3
8796;2;5;2012;5;4;10
8592;2;1;2008;2;2;8
8871;1;5;2019;3;2;5
7930;1;4;2004;5;2;6
8760;4;4;2014;1;1;3
1239;4;4;2015;1;5;2
4598;3;5;2013;1;5;11
6567;2;5;2015;4;2;7
3499;2;5;2001;5;3;8
8655;3;3;2019;4;5;11
2721;2;3;2021;4;1;9
4749;2;2;2008;5;1;2
9559;1;4;2011;1;4;12
9079;2;4;2009;2;4;5
3886;4;3;2012;4;4;3
5697;1;1;2011;4;5;7
1733;1;1;2010;5;1;5
6393;3;1;2022;4;4;5
6184;4;5;2020;1;3;1
2077;2;5;2015;1;1;4
8444;1;1;2010;1;1;9
3904;3;5;2010;1;2;12
6176;3;4;2008;5;4;5
2895;3;3;2005;3;1;6
7664;1;5;2003;3;1;8
5764;4;2;2001;4;1;9
1145;2;5;2003;4;3;8
8508;3;3;2012;3;1;1
8439;1;1;2016;2;1;7
4866;1;2;2017;4;1;9
8470;2;5;2016;5;1;10
2682;1;5;2023;3;3;4
2715;2;3;2010;3;5;6
2475;3;2;2011;2;2;5
1599;2;5;2021;4;1;5
5614;2;4;2014;5;1;12
3941;2;2;2006;2;3;9
2911;3;5;2009;5;2;6
6544;2;5;2008;5;4;10
9246;4;3;2007;2;4;9
9274;4;4;2014;2;1;5
3072;4;4;2011;3;4;10
1350;4;2;2002;5;4;9
1663;1;3;2006;2;3;6
6178;1;2;2009;1;5;12
1829;2;5;2002;5;3;11
5625;2;1;2015;1;1;7
6277;3;3;2014;4;3;12
5044;3;1;2022;4;1;2
6764;4;1;2023;5;1;10
3532;4;5;2003;1;1;5
1531;3;5;2010;3;1;1
8322;2;5;2017;2;5;6
4272;1;2;2018;3;1;4
3036;1;1;2016;4;5;3
2042;3;4;2011;2;1;2
3607;4;3;2015;3;2;5
2711;4;1;2023;4;4;8
4517;3;1;2017;5;4;4
3315;1;1;2002;5;3;2
4900;2;4;2007;5;2;5
4241;2;4;2020;3;3;11
7531;1;5;2018;3;1;10
9108;1;1;2012;4;2;12
5177;3;4;2021;1;2;11
5117;2;4;2015;3;2;8
7355;3;2;2019;3;4;8
2652;2;1;2013;5;4;8
3818;2;2;2000;3;4;3
6398;1;2;2017;4;1;9
6386;4;2;2018;4;2;8
6072;2;2;2005;5;2;12
7670;1;3;2006;4;1;4
4776;3;5;2011;4;2;11
1073;3;5;2017;3;1;7
3817;3;1;2010;4;3;6
1157;2;1;2012;2;5;12
8963;1;2;2022;2;4;12
2245;2;4;2004;3;5;8
9328;4;3;2000;5;4;6
2585;1;5;2006;1;3;5
4475;3;2;2009;2;4;7
8765;4;1;2003;1;3;8
2585;1;2;2011;3;2;2
9646;1;2;2006;1;1;2
3049;4;1;2018;4;3;9
9657;2;1;2008;5;1;3
2708;2;4;2018;2;3;11
1912;2;3;2006;1;2;12
1854;1;3;2020;1;3;3
6320;4;5;2023;2;2;4
1080;4;3;2002;1;1;2
9861;3;1;2018;2;3;9
6313;4;1;2001;5;2;2
7213;2;4;2017;3;5;5
6518;1;3;2020;1;3;8
9061;3;5;2017;2;1;4
4734;4;1;2019;2;2;3
3545;4;1;2007;2;2;11
7924;4;3;2007;4;5;9
7585;1;3;2009;3;2;5
4083;1;1;2007;2;3;7
7591;4;1;2021;5;2;8
4061;4;4;2018;3;5;10
4667;3;4;2006;3;5;5
4461;3;3;2023;1;5;12
1069;3;1;2013;4;4;2
3056;4;5;2004;5;3;4
2280;2;1;2014;3;4;7
9988;4;3;2016;5;5;9
8190;4;1;2007;5;2;9
6617;2;4;2012;1;3;2
2993;4;4;2002;3;2;7
4791;3;1;2003;5;3;10
7935;4;1;2010;5;4;2
1033;3;4;2013;5;2;11
7261;3;4;2013;2;2;11
7743;3;1;2001;5;1;10
2075;2;3;2020;2;5;3
7945;1;5;2004;2;2;5
9237;4;5;2015;2;3;1
2503;2;2;2014;4;1;4
5242;4;3;2018;3;2;11
7251;3;3;2022;2;1;6
7916;2;2;2002;5;1;12
4101;4;4;2005;4;4;12
1006;2;4;2013;5;5;11
6751;4;1;2015;1;5;12
6676;3;3;2016;1;2;5
9743;1;1;2005;3;2;5
1112;3;5;2011;3;3;12
4581;1;5;2022;2;3;11
6045;4;4;2023;4;3;3
7804;1;4;2023;4;5;11
3368;4;1;2004;1;5;4
8127;4;3;2011;3;1;10
7085;2;2;2009;3;5;2
8002;4;2;2016;5;5;1
2896;3;4;2006;5;4;11
4991;4;1;2000;2;4;1
5725;2;1;2017;3;1;10
5388;3;1;2011;4;3;1
5059;1;4;2018;5;4;8
1763;4;3;2020;1;2;2
2919;4;3;2011;3;1;11
2307;2;4;2005;1;5;7
8208;4;5;2009;1;1;10
1407;2;1;2021;1;5;11
1773;3;1;2003;4;2;9
5247;4;4;2021;5;2;2
5779;3;3;2020;2;2;9
6408;1;1;2007;2;3;1
5853;3;2;2017;5;2;1
3314;3;5;2019;4;4;8
5518;2;4;2014;3;3;2
7847;2;1;2020;3;4;2
7918;4;5;2000;1;4;6
4392;3;3;2003;4;2;12
6222;4;5;2012;4;2;1
8060;2;3;2009;2;4;6
8818;4;1;2010;5;3;2
4588;4;4;2002;2;1;12
4823;1;4;2012;4;4;12
4852;4;3;2023;5;3;12
4032;4;1;2000;3;1;7
4415;2;4;2013;2;4;5
8287;2;1;2010;4;2;5
1151;4;5;2003;5;4;11
8056;3;2;2005;1;4;3
4943;1;5;2005;3;1;6
6241;1;5;2007;4;1;10
6219;1;3;2016;3;4;9
5841;3;4;2021;4;4;2
6848;2;3;2004;3;1;9
1255;4;1;2019;1;1;11
6452;2;3;2002;1;1;12
6371;4;2;2010;5;1;11
8550;2;1;2021;4;5;9
3418;1;2;2012;5;5;11
9894;2;1;2008;5;1;7
3309;2;3;2000;2;3;9
7855;1;3;2019;2;2;3
5838;2;2;2012;5;2;7
7464;3;5;2020;5;5;7
7352;1;1;2017;4;5;2
6344;4;1;2023;5;2;9
1615;4;4;2012;1;1;11
2007;1;4;2005;2;2;11
8993;4;4;2009;1;2;5
9823;3;4;2010;4;1;5
7878;1;3;2013;4;3;5
2050;2;4;2014;1;2;8
9276;4;4;2013;4;5;12
8924;4;2;2011;4;1;12
4069;1;5;2003;4;2;11
4584;1;3;2003;1;3;1
3217;2;2;2009;2;3;12
3894;2;3;2005;4;1;9
7465;2;3;2020;4;5;10
8271;1;4;2011;3;1;12
6380;4;2;2022;2;4;6
4936;1;3;2022;4;3;5
8380;3;5;2017;4;2;9
1906;3;4;2010;4;5;1
5291;4;5;2000;3;3;3
7594;3;5;2011;5;2;7
4505;3;5;2011;5;1;4
3054;1;2;2008;2;5;6
2065;2;2;2003;3;1;1
2443;4;3;2023;3;5;11
2994;1;1;2018;1;4;5
7156;3;3;2016;1;5;1
1335;1;3;2012;3;2;10
9508;1;1;2016;5;3;7
5761;1;5;2008;4;3;12
1482;2;4;2020;5;5;7
8791;3;2;2004;1;4;12
3886;3;5;2017;1;4;2
2412;4;3;2016;2;4;7
6191;2;2;2017;2;5;8
2417;4;4;2013;1;3;10
9840;4;1;2009;4;5;12
9633;4;2;2003;4;1;7
4223;3;1;2021;3;2;3
3056;2;1;2013;1;5;8
3253;3;2;2013;5;2;2
8998;1;5;2023;1;2;1
6438;3;1;2015;3;4;1
9274;1;5;2005;5;3;4
9678;4;2;2002;5;4;10
6787;3;4;2010;4;5;6
8794;1;1;2004;5;2;3
2976;4;5;2016;4;3;8
3541;4;3;2000;3;1;10
6698;1;5;2020;1;4;8
2511;2;2;2022;5;3;10
3340;3;5;2015;3;3;4
2959;1;3;2016;4;4;12
1566;1;4;2010;1;4;2
8997;3;1;2009;2;3;4
5910;1;2;2014;1;1;4
6134;3;3;2010;2;1;7
2014;3;1;2018;1;2;2
6935;4;2;2020;4;5;8
7314;1;4;2010;2;4;6
5345;2;1;2002;1;1;6
1880;2;1;2000;3;4;3
3046;2;1;2004;1;4;5
8195;3;3;2012;2;4;12
2257;3;4;2010;3;2;8
5661;3;2;2009;1;5;11
6223;3;2;2017;4;1;4
5977;3;2;2011;5;1;3
1834;2;1;2003;1;5;4
2216;1;4;2001;1;4;9
9175;3;5;2017;3;4;12
2266;3;3;2008;4;4;1
5851;3;4;2012;4;5;3
2118;4;5;2015;3;4;7
1734;2;2;2005;3;2;5
7318;3;5;2005;4;1;12
1901;1;5;2015;2;1;1
2766;1;1;2001;2;5;6
6693;4;4;2018;5;4;3
4177;1;4;2012;3;2;5
7313;3;1;2013;2;3;1
6083;3;2;2021;2;5;4
3479;2;2;2016;4;1;11
6772;1;3;2012;4;4;2
9982;2;2;2016;4;5;5
8771;3;4;2022;4;2;1
1619;4;2;2009;1;4;9
4545;3;5;2002;2;2;10
2696;4;4;2001;2;2;3
9130;4;3;2000;5;4;3
2196;3;2;2003;1;2;10
9869;4;2;2023;1;3;12
7633;2;3;2023;5;5;5
8285;4;3;2011;5;5;1
3512;3;5;2014;4;5;4
5338;4;3;2017;1;1;9
4102;3;1;2019;2;2;2
3104;1;1;2018;2;4;12
4197;1;3;2012;2;5;9
5130;3;4;2000;3;5;7
9415;1;4;2000;2;5;10
7283;3;5;2015;2;5;5
9296;2;1;2017;5;3;11
4881;1;2;2012;2;5;1
6100;4;2;2012;3;2;11
3250;4;3;2003;5;3;6
3192;4;1;2015;2;1;11
8760;2;3;2015;5;4;7
9854;1;4;2004;3;2;10
5216;2;4;2008;2;4;7
6681;2;5;2018;5;2;11
2299;3;4;2002;5;3;2
7635;2;1;2014;2;2;10
1136;1;2;2021;5;1;9
2077;2;2;2015;2;3;6
8881;1;5;2018;4;1;7
1605;2;1;2001;1;1;10
6965;4;4;2000;3;2;2
8120;3;3;2016;1;5;7
4384;1;5;2005;5;1;7
1874;3;3;2003;3;5;6
8670;3;2;2023;3;5;3
9237;4;4;2005;3;2;7
5451;4;5;2001;4;4;7
8942;1;4;2010;2;1;7
7150;4;4;2016;2;4;3
3161;1;4;2007;5;3;4
2131;2;1;2017;2;1;6
6336;4;5;2006;4;5;4
2060;4;5;2002;1;4;11
5561;3;4;2000;5;5;1
5182;2;3;2004;1;3;1
3326;2;2;2008;2;1;2
2615;2;3;2009;2;4;4
4890;2;5;2004;3;5;7
7565;2;1;2020;2;2;8
2723;3;5;2000;1;2;10
6205;1;3;2003;1;5;9
5840;1;4;2000;1;2;1
8070;4;3;2000;2;5;2
8538;2;2;2013;1;1;6
6715;3;1;2012;5;2;9
9397;1;3;2017;2;1;7
1287;3;2;2008;1;1;11
9832;3;5;2006;2;3;11
9872;2;3;2000;5;1;1
4930;1;2;2006;5;2;9
5927;4;1;2014;4;2;10
2928;4;1;2016;4;5;1
6747;4;1;2018;2;3;10
9048;4;2;2022;4;5;11
8173;3;2;2007;5;4;7
8328;3;3;2009;3;3;12
4372;1;4;2007;5;1;8
2922;1;2;2009;4;5;2
1882;1;4;2007;2;4;4
5037;2;5;2012;4;3;3
6161;1;1;2014;4;1;1
9407;3;4;2018;3;3;9
7030;1;1;2023;5;2;9
7240;4;3;2008;1;1;12
9678;2;1;2016;3;2;11
5669;4;4;2007;2;3;11
7682;3;5;2015;3;1;7
2951;1;2;2020;1;4;8
1531;4;2;2002;4;5;1
1040;3;4;2008;4;2;11
2304;4;4;2009;3;4;12
1891;3;3;2019;1;2;7
7789;1;4;2000;5;4;6
6361;3;4;2011;5;4;10
4482;1;2;2009;3;2;2
9267;4;2;2023;5;5;1
8570;4;2;2013;2;5;11
2940;2;5;2006;1;4;3
7131;3;3;2013;2;3;12
5644;2;3;2006;5;2;5
2657;4;2;2011;1;3;11
5244;4;2;2004;3;1;12
1467;3;2;2003;4;2;6
5317;2;3;2020;1;5;4
3698;1;3;2020;4;4;7
3812;2;4;2020;4;3;6
3097;3;2;2006;1;4;8
5030;4;4;2022;1;3;9
7402;2;2;2007;1;3;6
9336;1;2;2001;2;4;4
3664;3;1;2000;2;5;9
8724;2;1;2002;4;2;11
6378;2;4;2020;1;4;2
3935;1;1;2015;3;4;1
1422;3;1;2002;4;4;4
8102;2;2;2023;5;4;3
1559;2;1;2017;3;1;1
7416;4;5;2023;3;4;5
2964;3;4;2023;4;2;3
9347;2;1;2023;5;2;12
7243;4;4;2017;3;3;6
8476;1;3;2019;5;2;9
9210;2;1;2021;5;2;6
7824;4;2;2006;4;4;11
9798;2;1;2001;1;2;4
1733;4;2;2015;2;4;7
1990;1;2;2023;3;2;5
9741;4;1;2001;2;3;6
5182;2;4;2013;5;5;2
8166;4;5;2011;1;3;5
6506;2;2;2001;5;4;11
9226;1;5;2008;4;4;1
9872;4;1;2006;2;3;4
5868;3;1;2000;5;2;11
1318;3;3;2017;4;4;8
1665;3;3;2017;1;4;7
7278;2;4;2004;1;5;5
2467;1;4;2010;2;4;8
6494;4;3;2019;1;4;1
1752;3;3;2016;5;3;2
4001;3;4;2015;3;3;10
1880;2;2;2006;1;2;5
5864;3;3;2004;2;3;5
5592;4;4;2018;3;1;10
8445;3;1;2014;2;2;8
2553;3;1;2014;5;2;9
7370;3;2;2014;5;3;9
2040;1;3;2017;4;1;3
6009;2;3;2009;4;3;8
3624;4;1;2003;5;5;7
9410;3;3;2008;4;4;7
3892;1;3;2007;5;2;10
3464;3;3;2016;5;4;5
5472;3;4;2018;5;3;9
7782;4;5;2014;3;5;12
5541;3;4;2017;1;5;12
5539;2;5;2006;5;2;11
9032;1;5;2010;5;4;6
5226;1;1;2007;5;5;2
5168;2;4;2008;4;1;12
5534;3;3;2013;3;4;2
4534;1;3;2007;2;1;7
8758;2;5;2009;1;2;6
5336;3;2;2008;4;1;9
1961;2;2;2013;5;1;1
3456;4;5;2009;5;4;5
3732;1;4;2001;5;5;5
7539;1;5;2021;1;3;1
6812;4;3;2014;1;4;7
3551;2;2;2019;3;4;12
9658;2;2;2004;5;1;5
9737;3;1;2015;3;3;9
9871;1;5;2001;1;4;10
7188;3;4;2020;1;2;6
1754;1;5;2006;3;3;5
3787;2;3;2016;5;2;3
7673;4;5;2006;1;3;9
8606;3;1;2018;4;4;10
1201;3;3;2008;1;5;7
4530;4;1;2019;5;5;2
6036;2;5;2010;2;2;9
8262;4;2;2015;3;2;9
2225;4;3;2008;3;5;1
3409;2;4;2011;4;5;9
8070;4;5;2009;5;2;6
9189;2;2;2022;4;2;5
2196;3;4;2009;2;2;10
8240;2;4;2020;3;2;7
6756;1;5;2016;5;3;2
2710;3;3;2023;1;1;8
2178;3;4;2008;4;4;2
6253;3;1;2002;5;3;4
2144;1;4;2000;3;2;12
1274;3;3;2017;2;2;11
8184;4;2;2023;5;2;3
8515;4;2;2019;3;1;7
4712;3;1;2017;3;5;7
7956;1;4;2016;4;1;3
8829;3;2;2009;2;4;2
9425;4;1;2005;3;5;2
2153;1;3;2012;2;1;1
3760;2;4;2013;3;4;2
4531;3;3;2003;5;4;4
8795;4;1;2012;2;1;4
5474;2;2;2015;4;4;12
8299;2;3;2010;2;4;1
4783;3;4;2013;3;2;12
5264;3;4;2011;5;2;6
1503;1;2;2003;3;3;9
1444;4;2;2003;3;1;4
9068;4;2;2018;2;5;9
3634;1;4;2006;1;3;3
4222;4;3;2005;1;4;8
6469;2;1;2016;5;5;3
2084;3;1;2008;4;2;4
1827;4;4;2009;1;5;5
1744;3;2;2022;3;1;8
6038;3;2;2001;4;5;2
6545;4;1;2013;1;2;11
1026;3;4;2020;4;2;9
5549;2;2;2021;1;2;5
8948;2;2;2015;5;5;9
8496;1;3;2016;5;5;7
9804;1;4;2011;3;1;2
7928;2;5;2007;2;5;12
2909;4;5;2019;2;2;6
8464;2;2;2001;5;3;11
2197;1;3;2018;1;1;9
3049;4;4;2023;1;1;11
6841;4;4;2005;2;4;7
2183;3;3;2019;3;5;8
8466;1;3;2009;2;4;7
6356;2;4;2003;4;5;11
5778;2;3;2021;4;2;5
8231;4;2;2001;1;3;5
3120;2;2;2003;5;4;5
6618;3;3;2013;1;5;3
8483;3;5;2005;5;4;4
8101;1;3;2003;2;2;9
9790;1;5;2018;4;2;9
6335;1;2;2000;5;2;6
9809;2;3;2019;3;2;1
9543;4;4;2009;4;4;7
7198;2;1;2009;3;2;5
4131;1;5;2017;2;4;1
4426;1;2;2023;4;2;7
3721;4;1;2017;3;1;2
4823;3;3;2007;3;2;10
3408;1;2;2002;4;3;8
1602;2;4;2014;4;3;11
3166;3;2;2013;4;1;9
3556;2;1;2001;5;5;10
9448;1;1;2001;3;5;2
8497;2;5;2008;1;2;9
8745;4;3;2002;3;1;10
6942;4;3;2016;1;2;1
2144;2;3;2007;2;2;10
9673;3;4;2020;5;4;12
4991;3;4;2023;3;1;2
3357;4;2;2021;1;5;9
7918;1;1;2015;4;4;3
7454;3;5;2022;1;5;10
6760;2;4;2005;1;2;10
7239;1;5;2008;5;1;6
4260;4;1;2013;4;3;4
2417;4;3;2018;1;3;1
6452;4;3;2005;1;1;3
9631;4;4;2018;5;1;12
2481;2;1;2007;2;2;10
9882;3;3;2019;2;5;8
6067;3;1;2020;1;5;1
1090;4;4;2004;2;2;5
3482;3;2;2006;4;2;9
4711;3;2;2012;1;1;4
7997;2;4;2012;2;1;7
7207;4;4;2008;3;5;11
5508;2;1;2001;4;3;5
5573;3;5;2002;2;2;8
4406;2;4;2020;1;5;5
9611;4;1;2003;3;5;4
7548;3;5;2003;1;1;1
2328;3;5;2001;4;1;10
2781;3;3;2017;5;4;10
5325;1;4;2001;3;5;8
9679;1;4;2017;5;3;9
9052;3;5;2009;2;1;2
1835;2;5;2023;3;4;10
5122;1;2;2002;3;5;1
4388;2;1;2013;2;4;2
2506;3;5;2019;4;1;2
1852;3;2;2017;3;4;5
7188;3;4;2018;4;5;10
5529;1;1;2014;5;2;3
1523;1;2;2000;4;3;9
3145;3;4;2021;1;2;6
2488;4;4;2003;1;5;2
8697;4;2;2021;2;3;9
2391;2;4;2017;3;1;9
6591;1;1;2005;3;1;11
1417;3;5;2012;5;2;3
5897;3;5;2023;1;5;5
8490;3;2;2022;3;5;4
4703;1;1;2008;1;5;8
9621;4;4;2012;4;1;1
7632;3;4;2014;4;2;8
6818;3;3;2010;2;1;5
3188;2;3;2012;5;3;5
5086;1;3;2015;2;1;8
2386;1;2;2012;3;1;1
4638;1;3;2015;2;5;4
8774;4;2;2009;5;1;1
8358;4;3;2000;3;1;8
1522;1;4;2019;3;3;1
9141;1;3;2011;3;1;1
5347;2;2;2023;2;2;8
3009;4;5;2022;3;4;7
9577;3;5;2020;5;4;5
3529;3;2;2018;5;2;5
2790;4;5;2009;4;4;6
7170;2;1;2014;5;5;1
1781;3;1;2007;3;4;6
9080;4;2;2010;2;5;6
9914;1;4;2014;5;3;1
2297;2;4;2005;4;1;7
5589;2;4;2004;3;1;1
3459;1;1;2018;1;5;11
2452;4;5;2020;1;1;5
4968;1;5;2021;5;5;6
9138;1;3;2019;2;1;6
1749;4;3;2011;5;1;7
1263;1;1;2003;1;2;5
9570;1;1;2001;1;3;12
4442;1;2;2012;3;5;7
6069;3;1;2015;5;3;8
7008;2;5;2017;5;5;12
1724;3;1;2016;3;1;11
1286;4;5;2011;5;4;10
7822;3;3;2012;1;5;11
6412;2;1;2023;4;3;10
8699;2;3;2009;3;4;9
7585;1;3;2001;5;5;7
1765;1;5;2002;5;1;5
1939;2;1;2003;3;5;3
1567;3;3;2004;5;1;10
7275;4;3;2013;5;1;8
6617;4;3;2009;4;3;1
4645;1;2;2006;4;4;11
7547;2;5;2013;1;5;7
2850;3;5;2013;4;5;4
3956;1;1;2001;1;3;5
7756;4;4;2012;1;3;4
6679;4;2;2008;4;2;10
1205;1;4;2004;2;1;6
9749;2;2;2021;3;4;11
9573;2;1;2008;4;4;7
4712;1;2;2019;3;4;12
3599;2;4;2022;5;5;11
2174;1;1;2023;4;3;9
2076;1;3;2012;4;1;7
1937;4;2;2005;5;4;7
1857;4;3;2005;5;5;10
4559;4;1;2017;3;3;8
4155;3;1;2003;2;4;11
2531;3;4;2000;5;1;6
6203;4;1;2021;5;1;9
9832;2;5;2019;1;2;10
4249;1;1;2016;1;4;8
8375;3;3;2012;4;3;3
5146;1;3;2008;3;1;1
6654;2;4;2000;5;2;12
7496;3;3;2008;1;2;2
4182;2;1;2021;4;2;6
8579;2;2;2020;1;1;5
2354;4;3;2018;3;1;6
3325;4;1;2011;5;5;3
8102;2;4;2017;5;3;9
3612;2;3;2009;3;4;2
8399;1;4;2020;2;4;10
6976;4;4;2011;2;4;1
6785;4;1;2010;4;4;12
9028;2;1;2010;5;4;3
7848;1;5;2014;2;4;2
4725;4;1;2014;5;3;12
2720;2;5;2017;1;2;9
6788;2;5;2000;1;2;11
2961;3;2;2005;1;3;1
6947;3;4;2000;4;3;3
3012;3;2;2008;4;1;6
6244;2;5;2002;4;2;11
6238;4;2;2002;4;1;10
6345;2;5;2011;3;2;4
4740;2;5;2023;4;5;3
9361;2;3;2021;5;3;5
2948;4;5;2018;1;2;5
8624;2;5;2019;5;5;9
8086;1;4;2004;2;1;12
3559;1;2;2008;4;1;10
6396;2;2;2009;1;2;12
4425;3;5;2016;5;1;8
8616;4;5;2015;3;1;9
6487;4;1;2022;5;2;5
5665;3;5;2017;4;2;11
8753;4;1;2000;5;4;8
5613;3;4;2012;4;1;9
5043;1;3;2008;3;3;10
7932;1;2;2020;3;2;9
9998;3;1;2020;4;2;11
1669;2;4;2008;4;4;11
4763;4;1;2019;4;2;9
3200;2;4;2001;5;2;6
1180;4;4;2023;5;1;9
6432;4;5;2021;4;2;8
2300;2;5;2004;2;5;4
3670;2;3;2014;3;2;8
3452;1;1;2011;2;3;9
2877;2;2;2017;4;4;12
7428;3;5;2022;3;2;9
9770;1;2;2004;3;5;4
7705;3;5;2004;3;2;3
9191;3;5;2020;4;5;4
1418;1;5;2023;1;4;9
1328;4;3;2011;4;5;4
1336;4;2;2022;4;1;6
3862;4;2;2017;4;1;9
8654;2;3;2008;4;3;3
5157;3;4;2023;4;2;4
6506;2;5;2000;4;3;11
8661;4;4;2017;1;3;7
8215;1;5;2019;5;2;2
9108;1;1;2014;4;1;5
4120;1;2;2013;1;1;9
6815;1;2;2019;3;2;11
7473;3;2;2014;5;4;12
2968;4;2;2005;1;1;8
4539;3;3;2020;3;5;12
8152;2;5;2006;1;5;3
9939;3;2;2009;3;3;2
8862;4;2;2020;5;3;1
7481;1;2;2003;3;4;5
2613;1;1;2015;4;1;5
3092;1;3;2006;2;5;3
1186;4;2;2020;3;4;8
7470;4;1;2015;5;3;7
3425;2;4;2000;2;2;7
5277;2;2;2015;3;3;3
7322;1;5;2019;3;2;9
2516;3;4;2022;1;3;8
3056;3;5;2013;2;1;6
4679;1;3;2019;5;1;2
1643;4;1;2021;2;4;6
5951;1;5;2015;2;4;4
5068;2;1;2005;3;2;9
7952;2;4;2013;1;3;3
1574;4;4;2005;4;3;11
8961;1;1;2016;1;5;11
7404;4;2;2015;2;4;11
1156;4;2;2001;3;4;10
3505;2;2;2018;2;5;3
1347;1;2;2014;1;3;4
6104;1;2;2007;3;4;10
1630;4;1;2003;3;5;8
5655;1;2;2020;1;5;6
3710;3;3;2002;4;3;9
8792;1;4;2001;3;4;6
7007;2;5;2020;3;4;7
9190;4;2;2016;2;5;12
2396;4;5;2023;5;5;1
1245;2;4;2010;5;5;9
9388;4;2;2007;5;5;1
5977;4;5;2021;1;3;6
7719;3;1;2015;5;5;10
6521;2;1;2002;4;5;8
3649;4;5;2014;3;4;6
1929;4;1;2002;4;1;12
1147;4;1;2017;4;2;6
7517;1;2;2002;3;5;11
1601;1;2;2010;3;2;2
6246;1;2;2012;1;4;3
7426;3;4;2016;2;5;10
3911;4;2;2020;5;2;2
6139;3;2;2018;1;2;9
5406;1;4;2000;5;1;11
6573;1;4;2001;3;4;5
6523;3;3;2018;4;4;8
8592;3;5;2022;4;1;9
3093;4;2;2010;2;4;11
9882;2;3;2010;3;3;5
4923;2;3;2021;4;5;7
8385;1;5;2016;5;5;5
8612;3;2;2009;5;1;1
9542;3;3;2000;4;1;11
1614;1;1;2009;5;4;10
7426;3;4;2002;1;5;5
1369;3;3;2014;4;2;11
4776;1;3;2011;4;3;4
2897;3;1;2011;3;1;1
8919;4;4;2000;4;5;10
4845;2;2;2019;4;1;4
5840;4;1;2019;3;3;7
4951;1;1;2006;1;3;5
7319;4;3;2017;5;3;10
6624;4;2;2013;3;3;10
4073;1;1;2015;3;2;10
6754;2;5;2019;2;5;4
7709;1;1;2017;1;4;4
7867;3;4;2002;4;1;3
4746;1;4;2014;2;5;9
7375;1;2;2010;2;5;12
3016;1;2;2011;2;1;6
8452;3;2;2012;1;3;1
3634;3;1;2001;5;3;4
2212;3;5;2018;4;1;8
2703;2;4;2012;4;5;1
9911;3;1;2015;2;5;12
1620;4;2;2010;1;3;9
2128;3;2;2015;1;2;3
1270;3;1;2011;4;1;7
9132;1;5;2004;1;5;9
4100;1;3;2012;3;1;3
2129;3;1;2004;4;1;9
1005;3;1;2019;4;1;6
1454;4;2;2000;5;1;8
2577;4;4;2010;3;2;8
8882;3;2;2021;3;1;2
6106;2;1;2021;5;4;9
3059;2;1;2007;4;1;7
8331;1;5;2020;3;3;2
6414;4;1;2010;1;2;1
2229;3;1;2000;4;1;4
4599;2;3;2015;1;2;11
5720;4;3;2001;5;1;2
5686;4;1;2003;1;4;3
9608;1;4;2007;3;5;11
7623;4;5;2021;3;4;9
3867;3;3;2005;2;3;10
8797;4;4;2018;5;2;2
6398;2;5;2014;3;5;9
6951;2;3;2017;3;3;10
2167;4;5;2000;2;4;9
9762;4;2;2014;4;5;9
9327;1;3;2008;2;3;2
3472;3;1;2008;5;2;5
5811;4;5;2007;5;1;7
8396;1;4;2017;5;5;6
1143;3;5;2011;4;1;1
2521;2;1;2003;3;1;4
7333;2;4;2019;1;3;1
8608;2;2;2014;3;1;8
4863;4;4;2015;4;3;11
6621;1;3;2001;1;4;10
1475;4;5;2007;3;5;10
1634;3;5;2004;5;4;6
9170;1;4;2017;3;4;5
8690;2;1;2009;4;3;12
6431;1;2;2002;3;1;4
4332;1;4;2004;4;3;12
3236;2;2;2015;1;4;10
4435;2;1;2002;5;3;1
4212;2;1;2002;5;3;7
5112;2;1;2007;5;1;9
4852;3;2;2008;4;3;5
5240;2;3;2009;1;4;9
9715;1;2;2002;1;3;12
2235;1;3;2020;4;5;1
3736;3;3;2016;1;4;2
1458;4;2;2000;4;3;7
3981;3;3;2021;2;3;5
1208;3;3;2008;1;4;6
3060;3;5;2008;1;3;11
6275;3;2;2003;1;2;3
8653;3;2;2008;1;3;7
9634;3;5;2003;1;2;12
3145;4;1;2023;3;3;8
7601;1;5;2006;3;4;10
2637;4;2;2004;4;5;2
1246;4;5;2021;4;4;10
7512;3;3;2005;5;5;7
8137;4;1;2016;3;4;3
6542;3;5;2006;1;1;5
9637;3;5;2016;2;4;4
9468;2;4;2013;5;3;11
9185;1;5;2010;2;2;11
5558;3;1;2019;1;2;8
1665;2;2;2015;2;3;9
2068;3;4;2008;2;1;12
1303;3;1;2010;1;4;10
7783;3;4;2019;5;2;4
6910;2;3;2002;1;4;6
7526;3;2;2023;5;3;2
2980;2;2;2007;1;1;10
7890;1;2;2013;4;4;11
7967;3;3;2017;5;5;3
5377;3;2;2009;4;3;5
7991;1;2;2007;1;1;2
3715;1;2;2004;3;1;2
8029;1;1;2017;2;3;2
6174;2;2;2005;5;5;11
5482;4;5;2015;2;1;5
4608;4;4;2001;2;1;10
7504;1;4;2019;5;2;8
9581;3;2;2008;1;1;7
1081;2;5;2017;3;3;2
4475;1;1;2004;4;5;8
9297;4;3;2004;4;5;12
5663;3;3;2010;5;3;12
6297;1;4;2017;3;1;11
5587;1;1;2010;4;3;5
5872;4;5;2002;3;5;11
9680;3;1;2006;2;5;7
9816;1;2;2009;3;4;12
3693;3;4;2010;3;4;1
6825;2;2;2010;2;4;8
8686;3;5;2017;3;4;8
6499;4;5;2017;5;3;11
7788;3;2;2004;1;2;9
5382;3;1;2021;2;4;12
9897;1;5;2007;4;2;12
7023;3;4;2009;3;5;6
3866;2;2;2019;2;2;3
2329;2;5;2005;3;3;11
7990;2;5;2009;4;2;10
5895;1;2;2017;1;5;7
4085;4;2;2002;5;4;11
4399;2;5;2021;2;2;1
8944;4;2;2008;4;5;1
5041;4;3;2000;4;2;12
9700;4;1;2014;3;3;2
5186;4;1;2009;4;4;8
7701;1;5;2014;5;4;4
9132;3;3;2014;1;2;6
9297;1;1;2023;5;1;9
5167;3;1;2019;3;3;5
4556;4;3;2022;2;5;10
1034;4;2;2000;1;3;2
9284;3;5;2017;2;1;9
7168;2;2;2009;5;2;1
3260;4;3;2013;4;5;6
9185;3;5;2012;2;2;1
3102;1;3;2006;4;3;12
9441;4;4;2016;1;5;2
6039;4;4;2000;3;5;8
7893;2;1;2022;1;2;11
6921;1;1;2019;2;2;3
4111;2;5;2015;2;4;5
6064;3;3;2016;1;3;4
5530;1;4;2019;2;1;11
8363;3;1;2015;1;3;11
9074;2;5;2008;2;4;10
6294;4;5;2018;2;1;11
4850;4;2;2012;1;2;6
2527;1;3;2009;4;2;12
9557;2;5;2011;3;4;9
1228;1;4;2006;3;3;5
6695;2;5;2007;3;5;6
6744;2;4;2005;4;1;8
8416;1;5;2011;2;2;7
6734;4;3;2023;2;3;3
1025;2;2;2018;2;1;6
7884;2;3;2013;5;1;4
2007;2;3;2008;1;5;10
4268;3;3;2013;2;4;4
5556;2;5;2003;5;1;6
9345;4;3;2018;5;1;10
6286;4;3;2017;1;5;4
7781;2;2;2011;5;3;3
3894;4;3;2020;3;3;6
7335;3;5;2013;1;5;10
2864;4;1;2012;5;4;1
6209;3;2;2005;1;4;3
1932;4;2;2014;3;5;3
3262;2;3;2002;2;5;10
5640;3;2;2018;4;2;8
3230;1;4;2018;1;5;3
3873;4;5;2022;4;1;4
1475;2;1;2002;4;3;4
4877;1;3;2009;3;3;3
4877;2;4;2000;5;5;12
7746;2;4;2016;5;4;12
9183;1;3;2011;2;4;8
5577;1;2;2010;3;1;5
6767;2;2;2001;4;5;11
5369;2;4;2008;2;3;6
8763;3;5;2010;1;2;12
2228;2;2;2016;5;4;5
2874;1;1;2006;3;1;7
7918;3;5;2008;5;1;9
3919;4;4;2005;3;4;8
2979;3;2;2011;5;3;6
2712;4;4;2009;3;1;11
9857;4;1;2008;5;4;8
7308;3;1;2021;2;3;5
4438;1;4;2015;1;5;10
2070;2;3;2009;1;1;8
2237;1;2;2002;3;2;12
1921;3;1;2006;1;3;12
1832;2;3;2006;3;1;12
7799;1;5;2010;3;4;8
5349;1;4;2014;2;1;6
1299;2;4;2016;1;2;7
4801;3;2;2008;1;1;12
8753;2;4;2002;4;2;10
8547;3;5;2008;4;1;10
9437;3;1;2020;4;5;9
3344;2;4;2002;1;4;10
7652;3;1;2006;1;4;8
1866;3;1;2005;1;2;3
1779;4;4;2014;1;5;6
1547;4;2;2016;5;1;7
5753;3;5;2012;3;5;7
7049;2;2;2002;4;4;5
9817;2;5;2020;5;2;10
5975;4;3;2014;5;3;7
7241;3;1;2010;4;5;9
7446;3;4;2014;5;1;12
1559;4;1;2007;1;2;10
3433;2;3;2004;2;5;3
4988;2;3;2012;2;5;6
9931;3;3;2008;4;4;8
6902;4;3;2006;1;5;12
4920;2;2;2012;2;4;2
4684;4;1;2011;2;1;7
8455;4;4;2001;3;1;11
2327;1;4;2003;3;2;6
5373;1;3;2008;3;3;12
9601;3;3;2010;1;3;7
1436;2;2;2014;4;1;5
3454;4;5;2007;1;1;10
9609;3;5;2005;4;2;3
7275;2;4;2018;4;5;7
8081;4;4;2013;1;3;7
3919;4;2;2003;5;3;5
9661;3;5;2007;2;2;11
8940;1;3;2006;2;4;1
9211;1;5;2008;5;4;8
6961;4;2;2004;5;3;11
9568;4;3;2022;3;5;5
9024;4;4;2006;3;3;2
4163;4;4;2013;5;4;12
4790;4;5;2001;2;4;5
9879;1;3;2023;4;1;10
8644;4;1;2021;1;2;6
3897;1;2;2019;2;2;12
5905;1;3;2017;1;2;8
2963;4;5;2001;4;1;7
2271;4;1;2000;2;3;9
9113;1;4;2021;4;4;12
4467;4;2;2020;5;5;1
6801;4;1;2017;1;4;10
4505;2;3;2008;2;3;8
8001;2;4;2019;2;2;11
2425;4;5;2010;3;2;6
9999;3;2;2023;4;2;7
4741;1;3;2008;1;1;9
1840;3;4;2022;1;1;3
4774;3;4;2007;3;2;10
8454;3;2;2022;1;1;6
6444;3;2;2006;4;1;8
3741;3;2;2023;5;3;6
4317;3;1;2020;2;1;2
3536;1;2;2017;1;5;8
1262;3;2;2011;1;3;4
6706;2;5;2011;3;5;10
1477;2;5;2023;2;5;12
4685;2;1;2016;5;5;2
7589;3;1;2002;4;2;11
1856;2;1;2023;3;2;8
3622;1;2;2015;4;1;4
2580;2;5;2015;3;3;7
2813;4;3;2009;5;5;2
5059;1;5;2003;2;1;6
3704;2;3;2022;4;5;5
5670;4;3;2005;3;1;2
4921;4;4;2005;4;3;7
2739;1;2;2020;5;3;4
4298;2;2;2019;2;2;2
2489;1;1;2008;1;4;8
9915;1;5;2014;2;4;5
9114;3;1;2020;3;3;10
5384;4;2;2015;2;3;6
2292;3;3;2011;4;2;3
2219;4;2;2002;2;4;1
7701;1;3;2009;4;3;12
9776;3;1;2015;5;1;2
5258;2;2;2021;4;5;2
2809;1;3;2022;3;2;8
4809;2;3;2022;4;1;12
1370;4;4;2011;2;3;4
8357;4;5;2009;3;3;10
9372;1;2;2000;5;1;1
3734;1;5;2019;5;4;1
1581;1;4;2009;1;1;4
2975;4;3;2004;1;4;8
9800;4;2;2020;3;3;6
9904;1;3;2007;5;3;2
4437;4;2;2006;4;2;9
2916;3;4;2011;2;1;6
9830;2;3;2020;3;5;2
1198;2;5;2023;5;3;4
5743;3;5;2006;1;2;6
6177;4;1;2016;3;1;5
5085;2;5;2000;3;4;1
8213;2;4;2010;5;2;10
8059;3;4;2019;1;5;9
9525;3;2;2000;4;1;3
6173;3;4;2004;3;3;4
2621;1;5;2019;4;2;3
5900;1;4;2001;3;1;9
9493;1;3;2020;4;4;7
6814;3;4;2011;4;3;4
9038;3;5;2021;3;5;2
7447;2;2;2007;5;2;8
4768;4;3;2001;3;5;12
9805;1;5;2020;3;5;2
6376;3;3;2011;3;1;8
8716;4;3;2011;5;4;6
8471;4;3;2001;3;1;2
2778;3;1;2006;4;4;3
8552;3;1;2006;4;1;4
4419;3;4;2011;1;1;10
1447;4;1;2004;3;5;3
3243;1;1;2005;5;1;6
4625;2;5;2010;2;1;7
5067;3;4;2006;1;3;10
7925;3;2;2021;5;1;12
9563;1;3;2011;5;3;10
1596;2;1;2016;4;2;8
9909;4;1;2017;3;3;5
5795;2;1;2003;3;4;9
8333;4;2;2003;4;3;4
8069;2;3;2005;1;3;7
9167;1;2;2002;1;4;3
8391;4;1;2004;3;5;4
5265;2;1;2017;3;2;4
2649;1;5;2018;1;5;9
3751;3;2;2003;4;1;12
9502;4;4;2004;5;1;9
2653;2;2;2006;4;3;5
1170;1;5;2005;1;3;9
2686;2;2;2005;4;1;8
7056;3;5;2017;2;3;9
3842;2;2;2004;1;2;12
4350;3;1;2008;4;2;12
7304;3;4;2011;1;5;7
3499;1;3;2007;5;2;10
4274;2;2;2005;1;2;3
7550;4;2;2003;2;4;6
8035;2;2;2009;5;3;2
6696;2;5;2005;4;4;9
8975;3;3;2006;3;2;10
1048;1;3;2013;4;1;10
3655;4;5;2009;3;1;2
7277;1;2;2008;5;1;6
1064;2;3;2007;4;5;5
2454;4;4;2003;5;2;5
6092;2;1;2019;2;5;1
5476;1;1;2004;4;1;12
3035;3;5;2016;3;1;9
6027;1;1;2017;5;1;4
8892;2;2;2011;4;1;4
3590;2;3;2010;4;4;12
7176;3;3;2016;2;4;1
4371;4;5;2023;5;5;11
3492;1;1;2020;2;5;10
2153;2;2;2020;1;2;7
3756;4;3;2020;2;4;8
8374;2;1;2017;4;4;5
9080;4;3;2021;2;5;7
8451;3;1;2007;1;4;6
6926;3;2;2009;5;4;4
2940;3;2;2016;1;2;9
4877;3;3;2021;3;1;5
4052;3;1;2003;4;2;7
6791;4;3;2023;2;4;1
7600;3;3;2022;5;5;8
5164;4;4;2005;4;4;5
4795;4;5;2010;3;2;10
9650;3;3;2007;1;4;9
8835;4;3;2005;4;3;7
4677;1;2;2003;3;2;5
5240;4;1;2001;4;4;3
3997;4;5;2012;3;5;7
4206;3;1;2009;4;1;1
1368;1;3;2011;4;2;8
5301;3;4;2020;4;4;5
7059;1;4;2002;4;2;3
1220;3;5;2011;4;1;3
5578;2;5;2020;5;4;4
5183;1;2;2012;2;5;2
9716;1;5;2009;4;1;12
9943;2;4;2007;4;4;11
1122;1;1;2002;3;5;4
6843;1;1;2018;1;1;9
8364;3;2;2005;1;1;2
1749;4;2;2004;4;2;12
4521;3;2;2020;4;4;11
1628;3;4;2016;3;1;6
1938;1;3;2015;2;3;11
1061;4;5;2008;1;1;12
4229;3;3;2011;3;5;5
7574;4;2;2001;5;4;9
5756;3;5;2012;5;3;2
3072;2;3;2018;4;2;12
3539;1;2;2010;3;5;7
9521;3;5;2011;3;4;3
7144;2;4;2021;3;3;9
8023;1;5;2009;5;4;10
9059;1;4;2006;4;1;10
3192;4;1;2016;3;2;8
4126;4;1;2021;3;3;9
2791;1;2;2006;3;2;2
1754;2;2;2013;1;3;11
5015;3;2;2010;4;2;7
7974;3;5;2011;2;3;2
8644;3;2;2019;3;5;11
3954;3;1;2020;1;1;7
7635;2;3;2009;1;4;1
9082;4;2;2007;2;1;9
7788;2;3;2011;3;1;6
8912;4;4;2001;3;1;12
8048;4;5;2006;3;5;7
5482;2;5;2023;5;3;3
2387;4;3;2023;2;2;2
7149;4;4;2004;1;5;8
1953;2;1;2018;5;5;9
4853;1;1;2022;5;1;11
9778;2;2;2004;2;3;6
3312;3;5;2014;4;4;2
7585;3;1;2023;4;5;7
9943;3;2;2005;3;1;8
5599;1;2;2021;1;1;1
2712;2;5;2020;2;4;2
9905;2;3;2019;4;5;9
4756;3;5;2018;1;4;5
8104;4;2;2015;3;1;1
3456;4;2;2013;2;3;2
7086;4;4;2011;5;4;1
3276;3;2;2023;3;5;7
7423;3;4;2009;5;3;7
1082;4;2;2019;3;3;3
6478;3;3;2000;2;2;7
1748;4;1;2022;3;1;4
1306;3;3;2004;5;1;2
2332;1;1;2013;4;1;10
4005;3;4;2005;3;1;8
6452;3;5;2019;2;4;7
7359;2;2;2012;1;4;8
4860;3;1;2009;5;3;8
4328;2;3;2000;1;3;7
3091;1;1;2007;3;5;10
1734;3;4;2001;1;4;10
2610;4;5;2017;1;3;12
8232;3;2;2023;4;5;2
4394;3;1;2021;3;4;6
8454;4;2;2003;5;3;11
7785;3;3;2017;5;4;9
7609;1;4;2003;1;5;7
7322;3;4;2020;2;1;2
7411;2;2;2005;4;4;7
4688;1;1;2018;5;3;9
4752;4;3;2021;4;1;4
6092;1;4;2020;2;2;10
4205;1;5;2016;2;2;1
5588;3;1;2021;5;1;6
1551;2;1;2002;3;2;3
3276;2;4;2010;3;4;5
1518;4;5;2023;2;5;1
6989;1;1;2005;4;4;5
8072;1;2;2000;1;2;7
8480;1;2;2000;4;2;10
2508;3;5;2019;4;4;7
8674;3;4;2012;4;4;2
3842;3;2;2007;4;2;10
4816;3;4;2019;4;4;6
1269;4;5;2012;4;1;6
9283;1;2;2015;3;1;5
1519;2;4;2022;4;4;9
2381;4;4;2000;3;4;12
9433;1;5;2007;5;3;8
7096;3;3;2014;3;2;11
1453;4;3;2014;5;5;7
6902;3;4;2017;5;3;10
9318;4;4;2002;3;1;9
7412;2;1;2018;3;2;5
8444;3;2;2002;5;3;3
1845;3;3;2021;4;2;1
4678;1;3;2008;5;1;10
2731;2;2;2005;2;2;12
1951;1;5;2020;4;1;9
7672;2;5;2006;5;5;8
8235;3;2;2007;4;4;3
7249;2;5;2018;2;1;5
2322;2;5;2008;5;2;12
1900;1;5;2004;2;3;2
9366;4;2;2004;3;3;11
4852;4;3;2010;4;2;3
3098;4;2;2012;1;4;4
4844;1;5;2007;3;2;7
7964;1;4;2023;2;2;12
3117;2;1;2005;5;3;10
5305;2;1;2007;5;5;9
3339;4;5;2022;4;5;4
9297;1;5;2008;1;5;11
1142;4;2;2003;3;1;8
7866;4;2;2009;4;2;5
6575;1;1;2015;2;3;1
5085;4;5;2010;1;3;9
7468;4;4;2016;5;3;4
5716;4;2;2000;4;2;2
1115;2;4;2023;5;3;10
4002;3;2;2008;4;3;10
5999;3;5;2010;5;1;3
4917;2;5;2014;1;2;10
1761;2;1;2002;4;1;3
7475;4;5;2010;5;3;9
9176;1;2;2018;1;4;2
9717;1;5;2011;2;4;9
9393;1;2;2004;3;3;11
4770;2;4;2023;2;2;5
3702;2;3;2022;2;2;12
5889;2;2;2020;2;5;8
3930;3;1;2005;1;5;4
5175;2;5;2023;4;1;10
3300;3;2;2013;2;2;12
1362;1;3;2007;5;4;6
7708;4;1;2017;3;1;9
2803;1;5;2002;4;5;7
9695;1;1;2019;3;2;5
5238;3;3;2014;3;4;11
2021;4;3;2023;5;2;8
2225;2;4;2000;5;2;6
3566;2;5;2005;2;3;11
8081;2;2;2002;4;5;5
7417;2;2;2014;3;2;8
2247;2;5;2012;2;2;3
2577;1;2;2023;3;4;1
8964;2;5;2020;5;1;4
4641;2;3;2018;2;1;7
8300;4;4;2015;3;4;3
6437;1;3;2011;3;5;4
4005;2;1;2023;4;5;11
3379;1;2;2003;5;1;8
2883;4;4;2020;2;3;1
3845;1;1;2002;3;2;11
7901;4;2;2008;3;3;5
5393;4;2;2004;1;2;1
4581;4;3;2001;5;4;5
7522;1;1;2000;2;1;8
6614;2;4;2004;4;3;4
1437;2;2;2023;4;4;11
2564;4;5;2017;4;2;10
2412;3;1;2020;3;5;4
2237;3;3;2014;4;2;6
8957;4;5;2014;4;4;6
4665;3;1;2010;2;5;11
8830;4;2;2001;1;5;5
9857;4;1;2019;5;2;2
2820;2;5;2018;2;3;8
9830;1;4;2000;3;2;4
2998;3;1;2000;4;5;10
3473;1;4;2010;1;4;3
5211;3;4;2010;3;1;10
9691;2;3;2018;3;1;6
2164;1;4;2006;3;1;5
1941;1;3;2018;2;1;5
2344;2;4;2002;4;4;2
2120;2;2;2017;1;2;4
7500;3;2;2004;2;3;1
7492;1;5;2022;5;4;4
6229;2;5;2017;1;2;2
8664;1;4;2004;1;4;4
4775;2;2;2003;5;3;11
7885;2;2;2018;3;3;10
5665;3;1;2011;4;2;4
7745;4;1;2002;1;4;3
9334;3;4;2000;5;2;2
5972;1;3;2007;5;1;4
5394;3;3;2022;4;3;11
9094;1;2;2019;5;2;5
5471;4;3;2010;3;4;5
8923;4;4;2013;1;4;7
3946;1;1;2015;4;3;11
1800;3;5;2008;3;5;2
8480;1;1;2001;4;1;5
7792;2;2;2022;2;3;9
6946;3;4;2006;3;5;4
8340;4;2;2023;3;5;10
8526;3;3;2015;1;2;1
2933;1;5;2017;3;1;2
5190;3;1;2011;1;3;11
9683;3;5;2012;1;3;12
8334;2;1;2011;2;1;7
3336;4;4;2008;2;5;2
6096;1;5;2002;3;5;12
6549;1;3;2020;2;2;3
2241;2;4;2003;5;2;10
3258;3;4;2016;2;1;6
7615;4;2;2008;1;3;5
8926;4;5;2013;4;1;1
4053;2;5;2011;5;3;9
6179;2;4;2002;4;4;4
1962;1;2;2000;5;1;1
9861;2;4;2001;3;2;3
4543;3;1;2019;1;5;5
9462;4;2;2013;3;4;7
8239;2;3;2002;1;5;2
6508;3;5;2022;1;3;12
6658;2;1;2020;3;2;7
6602;2;4;2014;5;2;9
7562;3;1;2002;1;3;10
4042;1;1;2010;4;5;10
2494;2;1;2008;2;5;9
4133;4;1;2015;5;5;7
2769;4;1;2006;1;4;4
8139;4;1;2010;5;2;9
6003;4;1;2004;4;5;6
3917;2;2;2014;2;2;8
9837;3;2;2007;5;5;1
5968;4;3;2000;2;3;11
3288;2;4;2010;3;4;7
8612;3;2;2021;5;4;7
9879;4;2;2006;3;5;4
9332;1;1;2008;3;3;7
7462;4;1;2017;1;2;7
8990;1;5;2015;2;4;7
6690;4;5;2022;2;1;1
5042;1;2;2010;2;3;9
4745;2;3;2004;3;3;1
4392;1;1;2000;2;2;7
5158;2;3;2011;4;5;2
4373;1;1;2016;5;2;10
1880;3;2;2004;5;2;3
7281;1;5;2017;4;5;2
2588;3;4;2017;3;3;7
2873;1;3;2012;1;1;2
6786;1;3;2005;3;5;11
4735;1;1;2005;1;2;5
9542;3;5;2012;5;1;1
3079;3;4;2006;2;5;1
1731;2;5;2022;4;2;3
6784;3;4;2008;4;4;7
5380;2;1;2006;3;1;11
7389;3;2;2019;3;3;3
8139;3;5;2005;2;5;2
1013;3;2;2017;4;3;12
6001;4;4;2008;2;2;11
1881;1;3;2000;3;1;6
4617;1;4;2016;4;2;5
5087;2;4;2006;5;4;1
3375;1;1;2007;5;4;6
9827;1;3;2022;3;3;4
7358;2;1;2018;3;5;6
7771;4;4;2012;2;5;2
4752;1;3;2018;1;1;3
5267;2;2;2002;3;3;8
4020;2;5;2016;1;4;5
4027;1;4;2018;4;3;7
4160;3;4;2013;3;1;6
9004;2;4;2019;2;1;11
3462;2;2;2021;5;4;12
9292;3;1;2011;5;2;11
7443;4;5;2021;2;1;7
8378;4;3;2016;4;4;5
2093;1;3;2005;4;5;5
5713;4;5;2004;3;3;6
4248;1;2;2012;1;3;11
4496;4;1;2004;4;4;12
5868;3;5;2012;4;2;8
2487;1;5;2011;3;5;5
3436;3;5;2023;5;5;1
5325;4;2;2016;5;3;12
3671;3;3;2009;2;2;5
1651;4;1;2015;3;2;9
1748;4;2;2016;5;3;4
3812;3;3;2013;2;5;11
5742;4;5;2004;2;5;2
7555;2;1;2015;1;4;11
9023;1;2;2018;5;5;5
8512;4;5;2022;4;1;2
3122;4;5;2007;1;3;3
9777;4;2;2005;2;1;7
2774;4;3;2003;3;4;4
4746;2;4;2004;4;1;7
9994;4;2;2017;4;5;1
6380;1;3;2004;4;5;5
8160;4;4;2006;3;1;3
1308;4;2;2003;5;5;3
3392;1;1;2013;4;5;6
3745;1;5;2019;1;5;12
7343;2;3;2019;1;5;7
4483;1;2;2016;3;2;7
4589;4;2;2009;5;1;1
1701;4;3;2023;3;1;2
6567;4;4;2007;5;4;12
2007;1;4;2012;5;2;6
4521;2;2;2006;4;4;2
7261;4;1;2014;4;1;1
5186;2;4;2016;4;2;12
3295;3;5;2004;1;2;7
8934;1;2;2009;1;1;2
2643;3;2;2014;5;3;11
9134;1;2;2006;4;2;11
7195;3;3;2005;1;2;2
8286;3;5;2006;3;2;1
1101;2;2;2023;5;2;8
5318;3;4;2009;4;4;8
9571;2;1;2020;4;5;9
4272;1;5;2000;1;2;6
8255;2;4;2016;1;4;3
4979;1;4;2003;2;1;4
6711;1;3;2003;1;5;4
8325;2;5;2004;2;4;10
1557;1;4;2000;3;2;8
8856;4;1;2012;1;4;2
7941;3;1;2022;4;5;11
8802;3;4;2002;5;4;2
1134;3;5;2000;3;2;2
1862;2;1;2012;3;3;7
2267;1;2;2013;4;4;9
9819;3;3;2002;2;2;11
6774;4;1;2015;4;1;6
2717;4;4;2019;2;2;4
2420;2;2;2002;1;3;4
5272;3;2;2018;4;1;3
5115;3;3;2010;5;3;2
8957;1;5;2010;3;1;12
2639;1;1;2007;2;2;8
6092;3;5;2016;3;2;3
4733;1;1;2000;4;3;11
7989;3;3;2023;3;3;7
9138;2;1;2004;1;2;5
3119;2;1;2009;1;3;7
1768;2;4;2020;2;1;6
5560;3;5;2021;2;4;4
4873;2;1;2020;2;4;9
6001;1;5;2021;4;5;10
5682;2;4;2013;4;4;11
8001;3;2;2021;1;1;7
9931;1;4;2021;3;4;9
7730;3;4;2000;2;1;3
6481;3;5;2020;4;2;6
1314;3;1;2002;2;3;5
6868;2;1;2014;2;3;9
4708;3;4;2020;5;1;5
4014;1;5;2008;2;5;2
2291;1;3;2010;4;2;6
7827;4;4;2003;2;1;5
8221;2;5;2001;4;3;9
2016;4;1;2016;1;5;5
8515;2;2;2003;5;2;4
1369;3;3;2005;2;4;10
1095;3;2;2022;5;4;2
8179;4;2;2012;2;5;5
7250;3;3;2016;3;1;4
8014;2;1;2001;5;1;3
6460;4;1;2013;3;5;8
4549;3;2;2014;1;1;10
7953;2;5;2022;1;2;4
2907;4;5;2014;3;4;10
5663;1;1;2016;3;2;9
7890;4;1;2003;2;4;1
1970;1;1;2020;3;2;1
7593;1;3;2020;5;1;8
5242;4;5;2002;5;4;3
4912;4;1;2010;4;3;9
2602;3;5;2020;1;5;1
6842;2;3;2006;3;4;5
3874;4;5;2021;3;5;8
3552;3;3;2000;2;5;11
3251;4;2;2005;2;4;1
8985;1;1;2004;5;1;4
9251;1;3;2010;3;3;1
9933;1;4;2007;1;5;10
1359;2;3;2009;2;3;1
2749;3;3;2011;1;1;9
4298;2;4;2009;1;4;4
6159;4;2;2001;3;3;5
7703;3;4;2002;5;4;9
9037;3;4;2020;5;2;11
4874;3;3;2010;5;2;6
2381;3;5;2023;1;3;11
5514;3;2;2019;5;1;12
9298;2;3;2015;5;4;2
7695;3;5;2017;1;2;11
2678;2;2;2012;1;5;9
1598;1;4;2000;2;4;11
1593;1;4;2021;5;1;1
1077;1;4;2011;3;1;4
3283;2;2;2003;1;5;4
6272;4;1;2021;3;4;12
9338;1;1;2013;5;1;11
5965;4;4;2017;4;5;7
8015;1;3;2022;2;4;2
6888;3;3;2005;3;5;5
9810;2;4;2004;5;4;4
4738;1;5;2022;4;5;9
7570;3;2;2022;2;5;9
1354;4;1;2022;1;2;8
2684;3;3;2013;2;4;1
1935;4;2;2015;2;4;3
1903;2;4;2008;2;1;6
6448;2;4;2022;3;1;3
5213;4;4;2006;3;2;11
8533;1;3;2013;1;4;9
1856;2;5;2016;2;4;12
9376;2;4;2003;4;1;11
7627;3;1;2010;2;3;4
9900;4;2;2020;2;2;2
1811;4;4;2000;5;4;6
6544;1;2;2002;5;3;5
1121;4;3;2009;3;5;3
1639;1;2;2023;3;3;1
9844;2;2;2006;2;2;2
7972;1;5;2018;5;1;9
1735;2;3;2012;1;1;4
5143;1;2;2023;2;5;4
2019;4;2;2022;3;4;6
1241;2;1;2003;1;5;4
7538;3;4;2003;2;2;12
3967;2;4;2007;2;1;7
6601;4;3;2003;5;4;5
1596;3;2;2023;1;5;11
2221;2;1;2006;4;3;1
8096;1;4;2003;5;4;11
5505;1;4;2003;2;1;3
1311;4;2;2019;2;3;2
9174;1;5;2008;1;3;2
2121;2;4;2014;4;3;11
2155;3;2;2005;5;3;8
3674;1;3;2014;1;3;5
4334;1;1;2010;4;4;5
7495;2;5;2019;3;2;12
9863;2;3;2023;1;2;2
2584;2;4;2006;4;1;12
9431;3;4;2008;1;5;1
2722;4;5;2005;4;5;1
1951;1;2;2022;4;2;1
8547;1;4;2007;5;5;1
1141;2;1;2006;1;1;1
1887;4;1;2021;1;2;5
7560;4;1;2018;1;5;6
9159;3;4;2023;2;5;4
3177;2;3;2008;5;2;10
6619;2;4;2011;1;2;6
8095;2;3;2003;5;3;10
6077;1;4;2019;2;2;6
6817;1;2;2013;3;4;2
4585;2;2;2000;5;4;2
2199;2;4;2006;4;2;3
6112;1;1;2004;1;1;2
3319;3;2;2022;3;2;5
8226;2;4;2020;3;3;12
6289;2;1;2002;3;4;10
4427;1;2;2023;3;3;6
9673;2;4;2022;5;2;12
2572;2;5;2007;4;3;10
2747;3;1;2010;5;4;8
8665;3;1;2015;3;5;9
3102;4;4;2019;4;4;8
5696;3;5;2012;4;2;8
9891;4;5;2007;1;3;3
4470;3;4;2012;3;4;8
4770;3;5;2013;4;1;3
9539;3;5;2007;3;5;8
7097;3;3;2008;1;2;1
8349;2;2;2008;4;3;6
6639;4;4;2008;3;2;3
6463;1;1;2014;5;4;9
8294;2;2;2005;4;2;3
9662;2;5;2011;3;3;10
1823;3;3;2019;4;2;8
2891;2;4;2011;5;1;3
2220;1;1;2022;4;3;10
9428;2;2;2001;3;3;5
7296;4;1;2019;3;3;10
1412;2;3;2008;3;5;6
7717;1;2;2019;5;1;5
9471;2;1;2023;2;5;7
3166;3;1;2022;1;4;10
3344;4;3;2023;1;5;10
3044;3;2;2018;4;1;6
7620;2;4;2015;5;1;11
4313;3;4;2009;1;2;8
6560;3;4;2015;1;4;2
7229;3;1;2001;3;3;12
8282;2;2;2010;4;3;7
9449;1;1;2009;3;3;4
7719;1;4;2001;3;4;6
8563;1;5;2020;3;4;12
1206;2;5;2021;4;5;11
3587;4;5;2005;3;5;9
3308;4;3;2001;5;5;5
